ISO-10303-21;
HEADER;
FILE_DESCRIPTION (( 'STEP AP214' ),
    '1' );
FILE_NAME ('Diagonaal Plaat.STEP',
    '2026-02-26T22:15:36',
    ( '' ),
    ( '' ),
    'SwSTEP 2.0',
    'SolidWorks 2025',
    '' );
FILE_SCHEMA (( 'AUTOMOTIVE_DESIGN' ));
ENDSEC;

DATA;
#1 = CARTESIAN_POINT ( 'NONE',  ( 46.65656273286868583, 16.83321217753911370, -0.0009999999999992653654 ) ) ;
#2 = AXIS2_PLACEMENT_3D ( 'NONE', #2248, #1533, #2717 ) ;
#3 = ORIENTED_EDGE ( 'NONE', *, *, #381, .F. ) ;
#4 = ADVANCED_FACE ( 'NONE', ( #231 ), #1116, .F. ) ;
#5 = CARTESIAN_POINT ( 'NONE',  ( 7.000000000000007105, 16.83321217753911370, 12.00000000000000000 ) ) ;
#6 = DIRECTION ( 'NONE',  ( -0.000000000000000000, -0.000000000000000000, 1.000000000000000000 ) ) ;
#7 = AXIS2_PLACEMENT_3D ( 'NONE', #786, #2355, #797 ) ;
#8 = ORIENTED_EDGE ( 'NONE', *, *, #501, .T. ) ;
#9 = EDGE_LOOP ( 'NONE', ( #2215, #142 ) ) ;
#10 = FACE_OUTER_BOUND ( 'NONE', #1365, .T. ) ;
#11 = CIRCLE ( 'NONE', #2043, 7.000000000000006217 ) ;
#12 = CYLINDRICAL_SURFACE ( 'NONE', #1912, 6.999999999999999112 ) ;
#13 = CARTESIAN_POINT ( 'NONE',  ( 59.48484409930301808, 8.416606088769526650, 0.000000000000000000 ) ) ;
#14 = AXIS2_PLACEMENT_3D ( 'NONE', #2194, #1523, #2645 ) ;
#15 = VECTOR ( 'NONE', #409, 1000.000000000000000 ) ;
#16 = ORIENTED_EDGE ( 'NONE', *, *, #1718, .F. ) ;
#17 = VECTOR ( 'NONE', #771, 1000.000000000000000 ) ;
#18 = CARTESIAN_POINT ( 'NONE',  ( -26.82828136643431449, -8.416606088769624350, 0.000000000000000000 ) ) ;
#19 = VERTEX_POINT ( 'NONE', #675 ) ;
#20 = CARTESIAN_POINT ( 'NONE',  ( 99.99999999999998579, -50.00000000000000711, 12.00000000000000000 ) ) ;
#21 = AXIS2_PLACEMENT_3D ( 'NONE', #1548, #637, #2493 ) ;
#22 = DIRECTION ( 'NONE',  ( -0.000000000000000000, -0.000000000000000000, 1.000000000000000000 ) ) ;
#23 = EDGE_CURVE ( 'NONE', #910, #1206, #1900, .T. ) ;
#24 = EDGE_CURVE ( 'NONE', #2559, #643, #2892, .T. ) ;
#25 = ORIENTED_EDGE ( 'NONE', *, *, #2731, .F. ) ;
#26 = VERTEX_POINT ( 'NONE', #2919 ) ;
#27 = EDGE_LOOP ( 'NONE', ( #806, #375, #2203, #2050 ) ) ;
#28 = EDGE_LOOP ( 'NONE', ( #2847, #427, #1601, #1425 ) ) ;
#29 = CARTESIAN_POINT ( 'NONE',  ( -52.48484409930300387, 25.24981826630870430, 12.00000000000000000 ) ) ;
#30 = CARTESIAN_POINT ( 'NONE',  ( -79.31312546573732902, 16.83321217753912435, 0.000000000000000000 ) ) ;
#31 = EDGE_LOOP ( 'NONE', ( #132, #126, #1472, #1073 ) ) ;
#32 = DIRECTION ( 'NONE',  ( 1.000000000000000000, 0.000000000000000000, 0.000000000000000000 ) ) ;
#33 = VERTEX_POINT ( 'NONE', #2040 ) ;
#34 = CARTESIAN_POINT ( 'NONE',  ( 6.938893903907228378E-15, 16.83321217753911370, 12.00000000000000000 ) ) ;
#35 = ORIENTED_EDGE ( 'NONE', *, *, #222, .T. ) ;
#36 = ORIENTED_EDGE ( 'NONE', *, *, #2341, .T. ) ;
#37 = CARTESIAN_POINT ( 'NONE',  ( 39.65656273286867162, 33.66642435507827003, -0.0009999999999992653654 ) ) ;
#38 = EDGE_CURVE ( 'NONE', #1515, #551, #2133, .T. ) ;
#39 = EDGE_CURVE ( 'NONE', #1042, #643, #516, .T. ) ;
#40 = AXIS2_PLACEMENT_3D ( 'NONE', #1525, #207, #2220 ) ;
#41 = ORIENTED_EDGE ( 'NONE', *, *, #363, .F. ) ;
#42 = CARTESIAN_POINT ( 'NONE',  ( 79.31312546573734323, -16.83321217753920962, -0.0009999999999992653654 ) ) ;
#43 = DIRECTION ( 'NONE',  ( 0.000000000000000000, 0.000000000000000000, -1.000000000000000000 ) ) ;
#44 = DIRECTION ( 'NONE',  ( -1.000000000000000000, 0.000000000000000000, 0.000000000000000000 ) ) ;
#45 = ORIENTED_EDGE ( 'NONE', *, *, #363, .T. ) ;
#46 = DIRECTION ( 'NONE',  ( -1.000000000000000000, 0.000000000000000000, 0.000000000000000000 ) ) ;
#47 = ORIENTED_EDGE ( 'NONE', *, *, #116, .F. ) ;
#48 = AXIS2_PLACEMENT_3D ( 'NONE', #2325, #992, #2163 ) ;
#49 = CARTESIAN_POINT ( 'NONE',  ( -39.65656273286865030, -16.83321217753920251, 12.00000000000000000 ) ) ;
#50 = VERTEX_POINT ( 'NONE', #201 ) ;
#51 = FACE_OUTER_BOUND ( 'NONE', #2699, .T. ) ;
#52 = EDGE_LOOP ( 'NONE', ( #1739, #2393 ) ) ;
#53 = AXIS2_PLACEMENT_3D ( 'NONE', #1254, #1970, #136 ) ;
#54 = CARTESIAN_POINT ( 'NONE',  ( -66.48484409930301808, 8.416606088769533756, -0.0009999999999992653654 ) ) ;
#55 = DIRECTION ( 'NONE',  ( -0.000000000000000000, -0.000000000000000000, 1.000000000000000000 ) ) ;
#56 = DIRECTION ( 'NONE',  ( 1.000000000000000000, 0.000000000000000000, 0.000000000000000000 ) ) ;
#57 = EDGE_CURVE ( 'NONE', #1810, #2336, #900, .T. ) ;
#58 = ORIENTED_EDGE ( 'NONE', *, *, #466, .T. ) ;
#59 = AXIS2_PLACEMENT_3D ( 'NONE', #623, #2452, #2869 ) ;
#60 = DIRECTION ( 'NONE',  ( 0.000000000000000000, 0.000000000000000000, 1.000000000000000000 ) ) ;
#61 = CIRCLE ( 'NONE', #1432, 7.000000000000000000 ) ;
#62 = EDGE_LOOP ( 'NONE', ( #3, #890, #1596, #2550 ) ) ;
#63 =( NAMED_UNIT ( * ) SI_UNIT ( $, .STERADIAN. ) SOLID_ANGLE_UNIT ( ) );
#64 = ORIENTED_EDGE ( 'NONE', *, *, #1553, .T. ) ;
#65 = CARTESIAN_POINT ( 'NONE',  ( 2.081668171172168513E-14, -16.83321217753920962, 12.00000000000000000 ) ) ;
#66 = CIRCLE ( 'NONE', #21, 6.999999999999999112 ) ;
#67 = AXIS2_PLACEMENT_3D ( 'NONE', #1118, #2440, #885 ) ;
#68 = CIRCLE ( 'NONE', #1821, 6.999999999999999112 ) ;
#69 = ORIENTED_EDGE ( 'NONE', *, *, #2491, .T. ) ;
#70 = ORIENTED_EDGE ( 'NONE', *, *, #1909, .F. ) ;
#71 = CYLINDRICAL_SURFACE ( 'NONE', #1861, 6.999999999999999112 ) ;
#72 = DIRECTION ( 'NONE',  ( 1.000000000000000000, 0.000000000000000000, 0.000000000000000000 ) ) ;
#73 = DIRECTION ( 'NONE',  ( -0.000000000000000000, -0.000000000000000000, 1.000000000000000000 ) ) ;
#74 = ORIENTED_EDGE ( 'NONE', *, *, #1160, .F. ) ;
#75 = ADVANCED_FACE ( 'NONE', ( #10 ), #1337, .F. ) ;
#76 = CARTESIAN_POINT ( 'NONE',  ( -39.65656273286865030, -16.83321217753920251, -0.0009999999999992653654 ) ) ;
#77 = DIRECTION ( 'NONE',  ( -0.000000000000000000, -0.000000000000000000, 1.000000000000000000 ) ) ;
#78 = ORIENTED_EDGE ( 'NONE', *, *, #1908, .T. ) ;
#79 = CARTESIAN_POINT ( 'NONE',  ( -59.48484409930300387, 25.24981826630870430, 12.00000000000000000 ) ) ;
#80 = VERTEX_POINT ( 'NONE', #926 ) ;
#81 = CARTESIAN_POINT ( 'NONE',  ( 26.82828136643435712, -8.416606088769631455, 0.000000000000000000 ) ) ;
#82 = FACE_BOUND ( 'NONE', #1802, .T. ) ;
#83 = ORIENTED_EDGE ( 'NONE', *, *, #1718, .T. ) ;
#84 = ORIENTED_EDGE ( 'NONE', *, *, #2547, .F. ) ;
#85 = DIRECTION ( 'NONE',  ( 1.000000000000000000, 0.000000000000000000, 0.000000000000000000 ) ) ;
#86 = DIRECTION ( 'NONE',  ( -1.000000000000000000, 0.000000000000000000, 0.000000000000000000 ) ) ;
#87 = FACE_OUTER_BOUND ( 'NONE', #62, .T. ) ;
#88 = CARTESIAN_POINT ( 'NONE',  ( -26.82828136643432515, 8.416606088769533756, -0.0009999999999992653654 ) ) ;
#89 = CARTESIAN_POINT ( 'NONE',  ( 19.82828136643435357, 8.416606088769533756, 0.000000000000000000 ) ) ;
#90 = EDGE_CURVE ( 'NONE', #995, #517, #1131, .T. ) ;
#91 = ADVANCED_FACE ( 'NONE', ( #1831 ), #895, .F. ) ;
#92 = VERTEX_POINT ( 'NONE', #2671 ) ;
#93 = STYLED_ITEM ( 'NONE', ( #1628 ), #2077 ) ;
#94 = DIRECTION ( 'NONE',  ( 1.000000000000000000, 0.000000000000000000, 0.000000000000000000 ) ) ;
#95 = EDGE_CURVE ( 'NONE', #2031, #1320, #2041, .T. ) ;
#96 = EDGE_CURVE ( 'NONE', #2545, #1610, #1136, .T. ) ;
#97 = AXIS2_PLACEMENT_3D ( 'NONE', #2117, #1636, #124 ) ;
#98 = EDGE_LOOP ( 'NONE', ( #1380, #2324, #633, #2625 ) ) ;
#99 = CYLINDRICAL_SURFACE ( 'NONE', #197, 6.999999999999999112 ) ;
#100 = FACE_BOUND ( 'NONE', #2436, .T. ) ;
#101 = ORIENTED_EDGE ( 'NONE', *, *, #437, .F. ) ;
#102 = ORIENTED_EDGE ( 'NONE', *, *, #2677, .T. ) ;
#103 = VECTOR ( 'NONE', #492, 1000.000000000000000 ) ;
#104 = DIRECTION ( 'NONE',  ( -0.000000000000000000, -0.000000000000000000, 1.000000000000000000 ) ) ;
#105 = CARTESIAN_POINT ( 'NONE',  ( -7.000000000000000000, 33.66642435507827003, 0.000000000000000000 ) ) ;
#106 = CARTESIAN_POINT ( 'NONE',  ( 39.65656273286868583, -16.83321217753920962, 0.000000000000000000 ) ) ;
#107 = CIRCLE ( 'NONE', #1853, 6.999999999999999112 ) ;
#108 = AXIS2_PLACEMENT_3D ( 'NONE', #1874, #319, #734 ) ;
#109 = VECTOR ( 'NONE', #2021, 1000.000000000000000 ) ;
#110 = CYLINDRICAL_SURFACE ( 'NONE', #2329, 7.000000000000000000 ) ;
#111 = FACE_OUTER_BOUND ( 'NONE', #781, .T. ) ;
#112 = EDGE_LOOP ( 'NONE', ( #1080, #1531, #1328, #1542 ) ) ;
#113 = DIRECTION ( 'NONE',  ( 1.000000000000000000, 0.000000000000000000, 0.000000000000000000 ) ) ;
#114 = CIRCLE ( 'NONE', #2190, 6.999999999999999112 ) ;
#115 = DIRECTION ( 'NONE',  ( 1.000000000000000000, 0.000000000000000000, 0.000000000000000000 ) ) ;
#116 = EDGE_CURVE ( 'NONE', #1412, #865, #998, .T. ) ;
#117 = VERTEX_POINT ( 'NONE', #1544 ) ;
#118 = ORIENTED_EDGE ( 'NONE', *, *, #2412, .F. ) ;
#119 = AXIS2_PLACEMENT_3D ( 'NONE', #2537, #1181, #1371 ) ;
#120 = AXIS2_PLACEMENT_3D ( 'NONE', #550, #1450, #327 ) ;
#121 = FACE_OUTER_BOUND ( 'NONE', #157, .T. ) ;
#122 = DIRECTION ( 'NONE',  ( -1.000000000000000000, 0.000000000000000000, 0.000000000000000000 ) ) ;
#123 = FACE_OUTER_BOUND ( 'NONE', #2749, .T. ) ;
#124 = DIRECTION ( 'NONE',  ( 1.000000000000000000, 0.000000000000000000, 0.000000000000000000 ) ) ;
#125 = DIRECTION ( 'NONE',  ( -0.000000000000000000, -0.000000000000000000, 1.000000000000000000 ) ) ;
#126 = ORIENTED_EDGE ( 'NONE', *, *, #1684, .T. ) ;
#127 = CARTESIAN_POINT ( 'NONE',  ( -86.31312546573732902, -16.83321217753920251, 12.00000000000000000 ) ) ;
#128 = CARTESIAN_POINT ( 'NONE',  ( -52.48484409930300387, 8.416606088769533756, -0.0009999999999992653654 ) ) ;
#129 = ORIENTED_EDGE ( 'NONE', *, *, #1033, .T. ) ;
#130 = EDGE_LOOP ( 'NONE', ( #2309, #1499, #2488, #689 ) ) ;
#131 = EDGE_CURVE ( 'NONE', #1088, #1880, #2092, .T. ) ;
#132 = ORIENTED_EDGE ( 'NONE', *, *, #561, .F. ) ;
#133 = EDGE_CURVE ( 'NONE', #544, #33, #518, .T. ) ;
#134 = CARTESIAN_POINT ( 'NONE',  ( 12.82828136643435357, -8.416606088769631455, 12.00000000000000000 ) ) ;
#135 = DIRECTION ( 'NONE',  ( 1.000000000000000000, 0.000000000000000000, 0.000000000000000000 ) ) ;
#136 = DIRECTION ( 'NONE',  ( -1.000000000000000000, 0.000000000000000000, -0.000000000000000000 ) ) ;
#137 = CARTESIAN_POINT ( 'NONE',  ( -19.82828136643433226, 25.24981826630869008, 12.00000000000000000 ) ) ;
#138 = CARTESIAN_POINT ( 'NONE',  ( 46.65656273286867162, 33.66642435507827003, -0.0009999999999992653654 ) ) ;
#139 = CIRCLE ( 'NONE', #2448, 6.999999999999999112 ) ;
#140 = DIRECTION ( 'NONE',  ( -0.000000000000000000, -0.000000000000000000, 1.000000000000000000 ) ) ;
#141 = CARTESIAN_POINT ( 'NONE',  ( 19.82828136643433936, 25.24981826630869008, 0.000000000000000000 ) ) ;
#142 = ORIENTED_EDGE ( 'NONE', *, *, #1605, .T. ) ;
#143 = EDGE_LOOP ( 'NONE', ( #1580, #2820, #158, #2685 ) ) ;
#144 = VERTEX_POINT ( 'NONE', #1614 ) ;
#145 = CARTESIAN_POINT ( 'NONE',  ( -72.31312546573732902, -4.510281037539698445E-14, -0.0009999999999992653654 ) ) ;
#146 = DIRECTION ( 'NONE',  ( -1.000000000000000000, 0.000000000000000000, 0.000000000000000000 ) ) ;
#147 = FACE_BOUND ( 'NONE', #2736, .T. ) ;
#148 = FACE_OUTER_BOUND ( 'NONE', #1115, .T. ) ;
#149 = DIRECTION ( 'NONE',  ( -0.000000000000000000, -0.000000000000000000, 1.000000000000000000 ) ) ;
#150 = EDGE_CURVE ( 'NONE', #517, #2709, #2079, .T. ) ;
#151 = DIRECTION ( 'NONE',  ( 1.000000000000000000, 0.000000000000000000, 0.000000000000000000 ) ) ;
#152 = FACE_BOUND ( 'NONE', #2763, .T. ) ;
#153 = CYLINDRICAL_SURFACE ( 'NONE', #2544, 7.000000000000006217 ) ;
#154 = CARTESIAN_POINT ( 'NONE',  ( 19.82828136643433936, 25.24981826630869008, 12.00000000000000000 ) ) ;
#155 = CIRCLE ( 'NONE', #1567, 6.999999999999999112 ) ;
#156 = ORIENTED_EDGE ( 'NONE', *, *, #2106, .F. ) ;
#157 = EDGE_LOOP ( 'NONE', ( #2771, #1041, #1276, #1198 ) ) ;
#158 = ORIENTED_EDGE ( 'NONE', *, *, #275, .T. ) ;
#159 = AXIS2_PLACEMENT_3D ( 'NONE', #1179, #507, #290 ) ;
#160 = CYLINDRICAL_SURFACE ( 'NONE', #1956, 6.999999999999999112 ) ;
#161 = FACE_BOUND ( 'NONE', #1471, .T. ) ;
#162 = AXIS2_PLACEMENT_3D ( 'NONE', #2720, #1310, #1324 ) ;
#163 = CARTESIAN_POINT ( 'NONE',  ( 12.82828136643435357, 8.416606088769533756, 12.00000000000000000 ) ) ;
#164 = CARTESIAN_POINT ( 'NONE',  ( 2.081668171172168513E-14, -33.66642435507836950, 0.000000000000000000 ) ) ;
#165 = AXIS2_PLACEMENT_3D ( 'NONE', #2830, #780, #115 ) ;
#166 = CARTESIAN_POINT ( 'NONE',  ( 7.000000000000007105, 16.83321217753911370, 0.000000000000000000 ) ) ;
#167 = VERTEX_POINT ( 'NONE', #81 ) ;
#168 = EDGE_CURVE ( 'NONE', #434, #1158, #474, .T. ) ;
#169 = EDGE_CURVE ( 'NONE', #523, #2168, #262, .T. ) ;
#170 = FACE_BOUND ( 'NONE', #645, .T. ) ;
#171 = DIRECTION ( 'NONE',  ( 0.000000000000000000, 0.000000000000000000, 1.000000000000000000 ) ) ;
#172 = ORIENTED_EDGE ( 'NONE', *, *, #1909, .T. ) ;
#173 = EDGE_LOOP ( 'NONE', ( #839, #1867 ) ) ;
#174 = ORIENTED_EDGE ( 'NONE', *, *, #2810, .F. ) ;
#175 = CARTESIAN_POINT ( 'NONE',  ( 0.000000000000000000, 33.66642435507827003, 12.00000000000000000 ) ) ;
#176 = DIRECTION ( 'NONE',  ( -1.000000000000000000, 0.000000000000000000, 0.000000000000000000 ) ) ;
#177 = CARTESIAN_POINT ( 'NONE',  ( -52.48484409930298966, -8.416606088769624350, 0.000000000000000000 ) ) ;
#178 = DIRECTION ( 'NONE',  ( 1.000000000000000000, 0.000000000000000000, 0.000000000000000000 ) ) ;
#179 = EDGE_LOOP ( 'NONE', ( #746, #2020, #1121, #1087 ) ) ;
#180 = FACE_BOUND ( 'NONE', #1195, .T. ) ;
#181 = AXIS2_PLACEMENT_3D ( 'NONE', #1945, #984, #1989 ) ;
#182 = AXIS2_PLACEMENT_3D ( 'NONE', #1280, #2249, #1103 ) ;
#183 = CARTESIAN_POINT ( 'NONE',  ( -6.999999999999979572, -16.83321217753920962, -0.0009999999999992653654 ) ) ;
#184 = ADVANCED_FACE ( 'NONE', ( #51 ), #1397, .F. ) ;
#185 = ORIENTED_EDGE ( 'NONE', *, *, #2192, .T. ) ;
#186 = ORIENTED_EDGE ( 'NONE', *, *, #2265, .F. ) ;
#187 = DIRECTION ( 'NONE',  ( 1.000000000000000000, 0.000000000000000000, 0.000000000000000000 ) ) ;
#188 = CIRCLE ( 'NONE', #1845, 7.000000000000006217 ) ;
#189 = CARTESIAN_POINT ( 'NONE',  ( 19.82828136643435357, -25.24981826630878601, 0.000000000000000000 ) ) ;
#190 = DIRECTION ( 'NONE',  ( -0.000000000000000000, -0.000000000000000000, -1.000000000000000000 ) ) ;
#191 = DIRECTION ( 'NONE',  ( -0.000000000000000000, -0.000000000000000000, 1.000000000000000000 ) ) ;
#192 = EDGE_LOOP ( 'NONE', ( #497, #706 ) ) ;
#193 = DIRECTION ( 'NONE',  ( -1.000000000000000000, 0.000000000000000000, 0.000000000000000000 ) ) ;
#194 = ORIENTED_EDGE ( 'NONE', *, *, #1410, .F. ) ;
#195 = AXIS2_PLACEMENT_3D ( 'NONE', #2241, #1800, #354 ) ;
#196 = CARTESIAN_POINT ( 'NONE',  ( 66.48484409930303229, 8.416606088769526650, 0.000000000000000000 ) ) ;
#197 = AXIS2_PLACEMENT_3D ( 'NONE', #2290, #2546, #1203 ) ;
#198 = DIRECTION ( 'NONE',  ( 0.000000000000000000, 0.000000000000000000, 1.000000000000000000 ) ) ;
#199 = ORIENTED_EDGE ( 'NONE', *, *, #1697, .F. ) ;
#200 = ORIENTED_EDGE ( 'NONE', *, *, #1176, .T. ) ;
#201 = CARTESIAN_POINT ( 'NONE',  ( -46.65656273286866451, 16.83321217753911370, 0.000000000000000000 ) ) ;
#202 = ADVANCED_FACE ( 'NONE', ( #1163 ), #1630, .F. ) ;
#203 = CIRCLE ( 'NONE', #2804, 6.999999999999999112 ) ;
#204 = VECTOR ( 'NONE', #1897, 1000.000000000000000 ) ;
#205 = CYLINDRICAL_SURFACE ( 'NONE', #816, 6.999999999999999112 ) ;
#206 = DIRECTION ( 'NONE',  ( 1.000000000000000000, 0.000000000000000000, 0.000000000000000000 ) ) ;
#207 = DIRECTION ( 'NONE',  ( -0.000000000000000000, -0.000000000000000000, 1.000000000000000000 ) ) ;
#208 = EDGE_LOOP ( 'NONE', ( #84, #1935, #1373, #174 ) ) ;
#209 = VECTOR ( 'NONE', #2796, 1000.000000000000000 ) ;
#210 = FACE_OUTER_BOUND ( 'NONE', #1613, .T. ) ;
#211 = CIRCLE ( 'NONE', #2153, 7.000000000000000000 ) ;
#212 = VERTEX_POINT ( 'NONE', #2350 ) ;
#213 = DIRECTION ( 'NONE',  ( -1.000000000000000000, 0.000000000000000000, 0.000000000000000000 ) ) ;
#214 = CARTESIAN_POINT ( 'NONE',  ( -26.82828136643431094, -8.416606088769624350, -0.0009999999999992653654 ) ) ;
#215 = ORIENTED_EDGE ( 'NONE', *, *, #1697, .T. ) ;
#216 = EDGE_LOOP ( 'NONE', ( #491, #1094, #1498, #2458 ) ) ;
#217 = EDGE_LOOP ( 'NONE', ( #286, #2236 ) ) ;
#218 = EDGE_CURVE ( 'NONE', #1648, #263, #859, .T. ) ;
#219 = EDGE_CURVE ( 'NONE', #2127, #2064, #2507, .T. ) ;
#220 = DIRECTION ( 'NONE',  ( -0.000000000000000000, -0.000000000000000000, 1.000000000000000000 ) ) ;
#221 = CARTESIAN_POINT ( 'NONE',  ( -46.65656273286866451, 33.66642435507828424, 12.00000000000000000 ) ) ;
#222 = EDGE_CURVE ( 'NONE', #2352, #1949, #970, .T. ) ;
#223 = EDGE_LOOP ( 'NONE', ( #2158, #920 ) ) ;
#224 = DIRECTION ( 'NONE',  ( 1.000000000000000000, 0.000000000000000000, 0.000000000000000000 ) ) ;
#225 = EDGE_LOOP ( 'NONE', ( #2169, #1903, #1859, #376 ) ) ;
#226 = DIRECTION ( 'NONE',  ( 1.000000000000000000, 0.000000000000000000, 0.000000000000000000 ) ) ;
#227 = LINE ( 'NONE', #214, #1995 ) ;
#228 = VECTOR ( 'NONE', #2665, 1000.000000000000000 ) ;
#229 = ORIENTED_EDGE ( 'NONE', *, *, #2695, .T. ) ;
#230 = VERTEX_POINT ( 'NONE', #273 ) ;
#231 = FACE_OUTER_BOUND ( 'NONE', #417, .T. ) ;
#232 = AXIS2_PLACEMENT_3D ( 'NONE', #416, #1727, #2915 ) ;
#233 = FACE_OUTER_BOUND ( 'NONE', #31, .T. ) ;
#234 = DIRECTION ( 'NONE',  ( -0.000000000000000000, -0.000000000000000000, 1.000000000000000000 ) ) ;
#235 = CIRCLE ( 'NONE', #1896, 6.999999999999999112 ) ;
#236 = EDGE_LOOP ( 'NONE', ( #2066, #2103, #963, #36 ) ) ;
#237 = EDGE_CURVE ( 'NONE', #2343, #503, #340, .T. ) ;
#238 = PLANE ( 'NONE',  #1836 ) ;
#239 = ORIENTED_EDGE ( 'NONE', *, *, #2876, .F. ) ;
#240 = DIRECTION ( 'NONE',  ( -0.000000000000000000, -0.000000000000000000, 1.000000000000000000 ) ) ;
#241 = CARTESIAN_POINT ( 'NONE',  ( -12.82828136643433403, 25.24981826630869008, 12.00000000000000000 ) ) ;
#242 = AXIS2_PLACEMENT_3D ( 'NONE', #2776, #1006, #2084 ) ;
#243 = ORIENTED_EDGE ( 'NONE', *, *, #519, .F. ) ;
#244 = VECTOR ( 'NONE', #2303, 1000.000000000000000 ) ;
#245 = ORIENTED_EDGE ( 'NONE', *, *, #150, .T. ) ;
#246 = CARTESIAN_POINT ( 'NONE',  ( 6.938893903907228378E-15, 16.83321217753911370, -0.0009999999999992653654 ) ) ;
#247 = VECTOR ( 'NONE', #2435, 1000.000000000000000 ) ;
#248 = ORIENTED_EDGE ( 'NONE', *, *, #1448, .T. ) ;
#249 = DIRECTION ( 'NONE',  ( 1.000000000000000000, 0.000000000000000000, 0.000000000000000000 ) ) ;
#250 = CARTESIAN_POINT ( 'NONE',  ( 72.31312546573734323, -5.118445151990106680E-14, -0.0009999999999992653654 ) ) ;
#251 = VECTOR ( 'NONE', #495, 1000.000000000000000 ) ;
#252 = VERTEX_POINT ( 'NONE', #504 ) ;
#253 = DIRECTION ( 'NONE',  ( -1.000000000000000000, 0.000000000000000000, 0.000000000000000000 ) ) ;
#254 = EDGE_CURVE ( 'NONE', #2821, #2168, #1855, .T. ) ;
#255 = EDGE_CURVE ( 'NONE', #918, #2709, #999, .T. ) ;
#256 = ORIENTED_EDGE ( 'NONE', *, *, #2786, .T. ) ;
#257 = AXIS2_PLACEMENT_3D ( 'NONE', #440, #857, #2218 ) ;
#258 = AXIS2_PLACEMENT_3D ( 'NONE', #2298, #77, #32 ) ;
#259 = CARTESIAN_POINT ( 'NONE',  ( -39.65656273286866451, 16.83321217753911370, 12.00000000000000000 ) ) ;
#260 = ORIENTED_EDGE ( 'NONE', *, *, #548, .T. ) ;
#261 = ORIENTED_EDGE ( 'NONE', *, *, #868, .T. ) ;
#262 = LINE ( 'NONE', #2332, #1233 ) ;
#263 = VERTEX_POINT ( 'NONE', #1860 ) ;
#264 = DIRECTION ( 'NONE',  ( -1.000000000000000000, 0.000000000000000000, 0.000000000000000000 ) ) ;
#265 = CYLINDRICAL_SURFACE ( 'NONE', #438, 7.000000000000000000 ) ;
#266 = CARTESIAN_POINT ( 'NONE',  ( 59.48484409930301808, 8.416606088769526650, -0.0009999999999992653654 ) ) ;
#267 = ORIENTED_EDGE ( 'NONE', *, *, #1248, .F. ) ;
#268 = CARTESIAN_POINT ( 'NONE',  ( 39.65656273286867162, 33.66642435507827003, 12.00000000000000000 ) ) ;
#269 = EDGE_LOOP ( 'NONE', ( #2676, #200, #2144, #925 ) ) ;
#270 = EDGE_CURVE ( 'NONE', #2038, #2859, #2504, .T. ) ;
#271 = CARTESIAN_POINT ( 'NONE',  ( -100.0000000000000142, -50.00000000000000711, 12.00000000000000000 ) ) ;
#272 = ORIENTED_EDGE ( 'NONE', *, *, #2694, .T. ) ;
#273 = CARTESIAN_POINT ( 'NONE',  ( 99.99999999999998579, -50.00000000000000711, 12.00000000000000000 ) ) ;
#274 = ADVANCED_FACE ( 'NONE', ( #1187 ), #99, .F. ) ;
#275 = EDGE_CURVE ( 'NONE', #1128, #1398, #2564, .T. ) ;
#276 = AXIS2_PLACEMENT_3D ( 'NONE', #2662, #385, #2017 ) ;
#277 = VERTEX_POINT ( 'NONE', #2110 ) ;
#278 = DIRECTION ( 'NONE',  ( -0.000000000000000000, -0.000000000000000000, 1.000000000000000000 ) ) ;
#279 = DIRECTION ( 'NONE',  ( -0.000000000000000000, -0.000000000000000000, 1.000000000000000000 ) ) ;
#280 = CARTESIAN_POINT ( 'NONE',  ( -12.82828136643432693, 8.416606088769533756, -0.0009999999999992653654 ) ) ;
#281 = ORIENTED_EDGE ( 'NONE', *, *, #1392, .F. ) ;
#282 = FACE_OUTER_BOUND ( 'NONE', #2113, .T. ) ;
#283 = AXIS2_PLACEMENT_3D ( 'NONE', #366, #908, #2171 ) ;
#284 = VERTEX_POINT ( 'NONE', #1891 ) ;
#285 = CYLINDRICAL_SURFACE ( 'NONE', #2268, 6.999999999999999112 ) ;
#286 = ORIENTED_EDGE ( 'NONE', *, *, #1120, .T. ) ;
#287 = CARTESIAN_POINT ( 'NONE',  ( 52.48484409930301808, 25.24981826630869008, -0.0009999999999992653654 ) ) ;
#288 = ORIENTED_EDGE ( 'NONE', *, *, #168, .F. ) ;
#289 = ADVANCED_FACE ( 'NONE', ( #2740 ), #2789, .F. ) ;
#290 = DIRECTION ( 'NONE',  ( -1.000000000000000000, 0.000000000000000000, 0.000000000000000000 ) ) ;
#291 = CARTESIAN_POINT ( 'NONE',  ( 86.31312546573735744, -16.83321217753920962, -0.0009999999999992653654 ) ) ;
#292 = DIRECTION ( 'NONE',  ( -0.000000000000000000, -0.000000000000000000, 1.000000000000000000 ) ) ;
#293 = VERTEX_POINT ( 'NONE', #553 ) ;
#294 = AXIS2_PLACEMENT_3D ( 'NONE', #1309, #1984, #1077 ) ;
#295 = CYLINDRICAL_SURFACE ( 'NONE', #613, 6.999999999999999112 ) ;
#296 = CARTESIAN_POINT ( 'NONE',  ( 59.48484409930301808, 25.24981826630869008, -0.0009999999999992653654 ) ) ;
#297 = AXIS2_PLACEMENT_3D ( 'NONE', #665, #2441, #1563 ) ;
#298 = AXIS2_PLACEMENT_3D ( 'NONE', #1429, #2794, #2611 ) ;
#299 = ORIENTED_EDGE ( 'NONE', *, *, #396, .T. ) ;
#300 = DIRECTION ( 'NONE',  ( 1.000000000000000000, 0.000000000000000000, 0.000000000000000000 ) ) ;
#301 = VERTEX_POINT ( 'NONE', #1934 ) ;
#302 = DIRECTION ( 'NONE',  ( -0.000000000000000000, -0.000000000000000000, 1.000000000000000000 ) ) ;
#303 = DIRECTION ( 'NONE',  ( 1.000000000000000000, 0.000000000000000000, 0.000000000000000000 ) ) ;
#304 = AXIS2_PLACEMENT_3D ( 'NONE', #268, #1882, #2513 ) ;
#305 = CIRCLE ( 'NONE', #1965, 7.000000000000006217 ) ;
#306 = EDGE_LOOP ( 'NONE', ( #1358, #965, #2879, #822 ) ) ;
#307 = ORIENTED_EDGE ( 'NONE', *, *, #2159, .F. ) ;
#308 = CARTESIAN_POINT ( 'NONE',  ( 32.65656273286869293, -33.66642435507836950, 12.00000000000000000 ) ) ;
#309 = CARTESIAN_POINT ( 'NONE',  ( 2.081668171172168513E-14, -33.66642435507836950, 0.000000000000000000 ) ) ;
#310 = DIRECTION ( 'NONE',  ( 1.000000000000000000, 0.000000000000000000, 0.000000000000000000 ) ) ;
#311 = EDGE_CURVE ( 'NONE', #2499, #1966, #1001, .T. ) ;
#312 = EDGE_CURVE ( 'NONE', #2281, #2511, #685, .T. ) ;
#313 = FACE_OUTER_BOUND ( 'NONE', #1910, .T. ) ;
#314 = CARTESIAN_POINT ( 'NONE',  ( 32.65656273286869293, -16.83321217753920962, -0.0009999999999992653654 ) ) ;
#315 = ADVANCED_FACE ( 'NONE', ( #1258 ), #2166, .F. ) ;
#316 = EDGE_LOOP ( 'NONE', ( #2347, #1824, #102, #2078 ) ) ;
#317 = FACE_OUTER_BOUND ( 'NONE', #1347, .T. ) ;
#318 = ORIENTED_EDGE ( 'NONE', *, *, #1760, .T. ) ;
#319 = DIRECTION ( 'NONE',  ( 0.000000000000000000, 0.000000000000000000, 1.000000000000000000 ) ) ;
#320 = FACE_BOUND ( 'NONE', #1559, .T. ) ;
#321 = EDGE_LOOP ( 'NONE', ( #1795, #1295 ) ) ;
#322 = EDGE_LOOP ( 'NONE', ( #74, #2059, #2255, #281 ) ) ;
#323 = DIRECTION ( 'NONE',  ( -1.000000000000000000, 0.000000000000000000, 0.000000000000000000 ) ) ;
#324 = CARTESIAN_POINT ( 'NONE',  ( 59.48484409930301808, -8.416606088769631455, 12.00000000000000000 ) ) ;
#325 = CYLINDRICAL_SURFACE ( 'NONE', #384, 6.999999999999999112 ) ;
#326 = DIRECTION ( 'NONE',  ( 1.000000000000000000, 0.000000000000000000, 0.000000000000000000 ) ) ;
#327 = DIRECTION ( 'NONE',  ( 1.000000000000000000, 0.000000000000000000, 0.000000000000000000 ) ) ;
#328 = ORIENTED_EDGE ( 'NONE', *, *, #2247, .F. ) ;
#329 = ADVANCED_FACE ( 'NONE', ( #388 ), #2622, .F. ) ;
#330 = AXIS2_PLACEMENT_3D ( 'NONE', #79, #2076, #923 ) ;
#331 = CARTESIAN_POINT ( 'NONE',  ( 32.65656273286869293, -33.66642435507836950, 0.000000000000000000 ) ) ;
#332 = CIRCLE ( 'NONE', #2737, 6.999999999999999112 ) ;
#333 = DIRECTION ( 'NONE',  ( -0.000000000000000000, -0.000000000000000000, 1.000000000000000000 ) ) ;
#334 = VERTEX_POINT ( 'NONE', #1964 ) ;
#335 = EDGE_LOOP ( 'NONE', ( #2107, #2477, #2438, #1363 ) ) ;
#336 = DIRECTION ( 'NONE',  ( 0.000000000000000000, 0.000000000000000000, 1.000000000000000000 ) ) ;
#337 = CARTESIAN_POINT ( 'NONE',  ( 26.82828136643435357, 8.416606088769533756, -0.0009999999999992653654 ) ) ;
#338 = FACE_OUTER_BOUND ( 'NONE', #1585, .T. ) ;
#339 = AXIS2_PLACEMENT_3D ( 'NONE', #2836, #2460, #688 ) ;
#340 = CIRCLE ( 'NONE', #2277, 6.999999999999999112 ) ;
#341 = CARTESIAN_POINT ( 'NONE',  ( 66.48484409930303229, 8.416606088769526650, 12.00000000000000000 ) ) ;
#342 = DIRECTION ( 'NONE',  ( 1.000000000000000000, 0.000000000000000000, 0.000000000000000000 ) ) ;
#343 = CARTESIAN_POINT ( 'NONE',  ( 19.82828136643435357, -25.24981826630878601, 12.00000000000000000 ) ) ;
#344 = EDGE_CURVE ( 'NONE', #419, #2450, #826, .T. ) ;
#345 = EDGE_CURVE ( 'NONE', #2593, #2260, #2344, .T. ) ;
#346 = VECTOR ( 'NONE', #1942, 1000.000000000000000 ) ;
#347 = CARTESIAN_POINT ( 'NONE',  ( -46.65656273286864320, -16.83321217753920251, 12.00000000000000000 ) ) ;
#348 = ORIENTED_EDGE ( 'NONE', *, *, #1357, .T. ) ;
#349 = ORIENTED_EDGE ( 'NONE', *, *, #2081, .T. ) ;
#350 = EDGE_LOOP ( 'NONE', ( #2670, #1574, #8, #1143 ) ) ;
#351 = CIRCLE ( 'NONE', #537, 6.999999999999999112 ) ;
#352 = CIRCLE ( 'NONE', #1770, 7.000000000000000000 ) ;
#353 = LINE ( 'NONE', #557, #534 ) ;
#354 = DIRECTION ( 'NONE',  ( 1.000000000000000000, 0.000000000000000000, 0.000000000000000000 ) ) ;
#355 = FACE_BOUND ( 'NONE', #2394, .T. ) ;
#356 = DIRECTION ( 'NONE',  ( -1.000000000000000000, 0.000000000000000000, 0.000000000000000000 ) ) ;
#357 = DIRECTION ( 'NONE',  ( 1.000000000000000000, 0.000000000000000000, 0.000000000000000000 ) ) ;
#358 = DIRECTION ( 'NONE',  ( 1.000000000000000000, 0.000000000000000000, 0.000000000000000000 ) ) ;
#359 = CARTESIAN_POINT ( 'NONE',  ( 39.65656273286867162, 33.66642435507827003, 0.000000000000000000 ) ) ;
#360 = ORIENTED_EDGE ( 'NONE', *, *, #2082, .F. ) ;
#361 = EDGE_LOOP ( 'NONE', ( #982, #1168 ) ) ;
#362 = EDGE_LOOP ( 'NONE', ( #2848, #506 ) ) ;
#363 = EDGE_CURVE ( 'NONE', #1421, #1692, #305, .T. ) ;
#364 = EDGE_CURVE ( 'NONE', #284, #485, #1342, .T. ) ;
#365 = LINE ( 'NONE', #1927, #1545 ) ;
#366 = CARTESIAN_POINT ( 'NONE',  ( -39.65656273286865030, -33.66642435507836950, 0.000000000000000000 ) ) ;
#367 = FACE_BOUND ( 'NONE', #52, .T. ) ;
#368 = DIRECTION ( 'NONE',  ( -0.000000000000000000, -0.000000000000000000, 1.000000000000000000 ) ) ;
#369 = DIRECTION ( 'NONE',  ( 1.000000000000000000, 0.000000000000000000, 0.000000000000000000 ) ) ;
#370 = VECTOR ( 'NONE', #191, 1000.000000000000000 ) ;
#371 = FACE_BOUND ( 'NONE', #1575, .T. ) ;
#372 = LINE ( 'NONE', #2363, #2175 ) ;
#373 = CARTESIAN_POINT ( 'NONE',  ( -59.48484409930300387, 8.416606088769533756, 0.000000000000000000 ) ) ;
#374 = AXIS2_PLACEMENT_3D ( 'NONE', #2530, #2300, #1584 ) ;
#375 = ORIENTED_EDGE ( 'NONE', *, *, #2316, .T. ) ;
#376 = ORIENTED_EDGE ( 'NONE', *, *, #1467, .F. ) ;
#377 = ORIENTED_EDGE ( 'NONE', *, *, #131, .T. ) ;
#378 = CARTESIAN_POINT ( 'NONE',  ( 32.65656273286869293, -16.83321217753920962, 0.000000000000000000 ) ) ;
#379 = FACE_BOUND ( 'NONE', #851, .T. ) ;
#380 = AXIS2_PLACEMENT_3D ( 'NONE', #1149, #662, #911 ) ;
#381 = EDGE_CURVE ( 'NONE', #144, #2018, #1023, .T. ) ;
#382 = DIRECTION ( 'NONE',  ( -1.000000000000000000, 0.000000000000000000, 0.000000000000000000 ) ) ;
#383 = CARTESIAN_POINT ( 'NONE',  ( -79.31312546573732902, -16.83321217753920251, -0.0009999999999992653654 ) ) ;
#384 = AXIS2_PLACEMENT_3D ( 'NONE', #1045, #1683, #2584 ) ;
#385 = DIRECTION ( 'NONE',  ( -0.000000000000000000, -0.000000000000000000, 1.000000000000000000 ) ) ;
#386 = AXIS2_PLACEMENT_3D ( 'NONE', #403, #2224, #1304 ) ;
#387 = CARTESIAN_POINT ( 'NONE',  ( 0.000000000000000000, 0.000000000000000000, 12.00000000000000000 ) ) ;
#388 = FACE_OUTER_BOUND ( 'NONE', #1162, .T. ) ;
#389 = AXIS2_PLACEMENT_3D ( 'NONE', #2522, #220, #1117 ) ;
#390 = VECTOR ( 'NONE', #2691, 1000.000000000000000 ) ;
#391 = ORIENTED_EDGE ( 'NONE', *, *, #2065, .F. ) ;
#392 = VERTEX_POINT ( 'NONE', #2591 ) ;
#393 = ORIENTED_EDGE ( 'NONE', *, *, #1760, .F. ) ;
#394 = DIRECTION ( 'NONE',  ( 1.000000000000000000, 0.000000000000000000, 0.000000000000000000 ) ) ;
#395 = CARTESIAN_POINT ( 'NONE',  ( 39.65656273286868583, -33.66642435507836950, 0.000000000000000000 ) ) ;
#396 = EDGE_CURVE ( 'NONE', #510, #1725, #2245, .T. ) ;
#397 = LINE ( 'NONE', #1298, #2467 ) ;
#398 = CARTESIAN_POINT ( 'NONE',  ( 32.65656273286869293, -5.118445151990106680E-14, 12.00000000000000000 ) ) ;
#399 = FACE_OUTER_BOUND ( 'NONE', #322, .T. ) ;
#400 = EDGE_CURVE ( 'NONE', #2418, #866, #68, .T. ) ;
#401 = EDGE_CURVE ( 'NONE', #419, #876, #1907, .T. ) ;
#402 = FACE_BOUND ( 'NONE', #2285, .T. ) ;
#403 = CARTESIAN_POINT ( 'NONE',  ( 79.31312546573734323, -16.83321217753920962, 0.000000000000000000 ) ) ;
#404 = ORIENTED_EDGE ( 'NONE', *, *, #502, .F. ) ;
#405 = VERTEX_POINT ( 'NONE', #347 ) ;
#406 = CARTESIAN_POINT ( 'NONE',  ( 26.82828136643435357, -25.24981826630878601, -0.0009999999999992653654 ) ) ;
#407 = CARTESIAN_POINT ( 'NONE',  ( -46.65656273286865741, -4.424555761599383842E-14, 12.00000000000000000 ) ) ;
#408 = CARTESIAN_POINT ( 'NONE',  ( 7.000000000000007105, 16.83321217753911370, -0.0009999999999992653654 ) ) ;
#409 = DIRECTION ( 'NONE',  ( -0.000000000000000000, -0.000000000000000000, 1.000000000000000000 ) ) ;
#410 = ORIENTED_EDGE ( 'NONE', *, *, #1176, .F. ) ;
#411 = LINE ( 'NONE', #919, #608 ) ;
#412 = VECTOR ( 'NONE', #817, 1000.000000000000000 ) ;
#413 = ADVANCED_FACE ( 'NONE', ( #2806 ), #820, .F. ) ;
#414 = ORIENTED_EDGE ( 'NONE', *, *, #618, .T. ) ;
#415 = DIRECTION ( 'NONE',  ( -0.000000000000000000, -0.000000000000000000, 1.000000000000000000 ) ) ;
#416 = CARTESIAN_POINT ( 'NONE',  ( 6.938893903907228378E-15, 16.83321217753911370, 0.000000000000000000 ) ) ;
#417 = EDGE_LOOP ( 'NONE', ( #475, #35, #1026, #1656 ) ) ;
#418 = ORIENTED_EDGE ( 'NONE', *, *, #2341, .F. ) ;
#419 = VERTEX_POINT ( 'NONE', #1703 ) ;
#420 = CIRCLE ( 'NONE', #1986, 7.000000000000000000 ) ;
#421 = CIRCLE ( 'NONE', #2129, 6.999999999999999112 ) ;
#422 = CYLINDRICAL_SURFACE ( 'NONE', #59, 6.999999999999999112 ) ;
#423 = CARTESIAN_POINT ( 'NONE',  ( -66.48484409930298966, -25.24981826630878246, 12.00000000000000000 ) ) ;
#424 = CARTESIAN_POINT ( 'NONE',  ( 12.82828136643434114, 25.24981826630869008, -0.0009999999999992653654 ) ) ;
#425 = EDGE_LOOP ( 'NONE', ( #696, #600, #349, #2808 ) ) ;
#426 = CARTESIAN_POINT ( 'NONE',  ( -39.65656273286866451, -4.510281037539698445E-14, -0.0009999999999992653654 ) ) ;
#427 = ORIENTED_EDGE ( 'NONE', *, *, #2842, .T. ) ;
#428 = AXIS2_PLACEMENT_3D ( 'NONE', #1031, #1462, #1267 ) ;
#429 = CARTESIAN_POINT ( 'NONE',  ( 99.99999999999998579, 49.99999999999999289, 0.000000000000000000 ) ) ;
#430 = EDGE_CURVE ( 'NONE', #953, #1040, #1438, .T. ) ;
#431 = EDGE_CURVE ( 'NONE', #19, #405, #1200, .T. ) ;
#432 = FACE_OUTER_BOUND ( 'NONE', #2792, .T. ) ;
#433 = ORIENTED_EDGE ( 'NONE', *, *, #2786, .F. ) ;
#434 = VERTEX_POINT ( 'NONE', #2579 ) ;
#435 = DIRECTION ( 'NONE',  ( 1.000000000000000000, 0.000000000000000000, 0.000000000000000000 ) ) ;
#436 = CIRCLE ( 'NONE', #1330, 6.999999999999999112 ) ;
#437 = EDGE_CURVE ( 'NONE', #918, #2038, #1232, .T. ) ;
#438 = AXIS2_PLACEMENT_3D ( 'NONE', #945, #2130, #1445 ) ;
#439 = CARTESIAN_POINT ( 'NONE',  ( 12.82828136643435357, 8.416606088769533756, 0.000000000000000000 ) ) ;
#440 = CARTESIAN_POINT ( 'NONE',  ( 39.65656273286868583, 16.83321217753911370, 0.000000000000000000 ) ) ;
#441 = FACE_OUTER_BOUND ( 'NONE', #236, .T. ) ;
#442 = CIRCLE ( 'NONE', #2664, 6.999999999999999112 ) ;
#443 = DIRECTION ( 'NONE',  ( -0.000000000000000000, -0.000000000000000000, 1.000000000000000000 ) ) ;
#444 = AXIS2_PLACEMENT_3D ( 'NONE', #373, #792, #597 ) ;
#445 = ORIENTED_EDGE ( 'NONE', *, *, #638, .T. ) ;
#446 = CARTESIAN_POINT ( 'NONE',  ( -79.31312546573732902, -16.83321217753920251, 12.00000000000000000 ) ) ;
#447 = CARTESIAN_POINT ( 'NONE',  ( 19.82828136643433936, 25.24981826630869008, 12.00000000000000000 ) ) ;
#448 = VERTEX_POINT ( 'NONE', #2819 ) ;
#449 = EDGE_LOOP ( 'NONE', ( #2563, #840 ) ) ;
#450 = CARTESIAN_POINT ( 'NONE',  ( -19.82828136643432870, 8.416606088769533756, 12.00000000000000000 ) ) ;
#451 = ADVANCED_FACE ( 'NONE', ( #658 ), #1361, .F. ) ;
#452 = CARTESIAN_POINT ( 'NONE',  ( -100.0000000000000142, -50.00000000000000711, 12.00000000000000000 ) ) ;
#453 = CARTESIAN_POINT ( 'NONE',  ( -26.82828136643431449, -25.24981826630878601, 12.00000000000000000 ) ) ;
#454 = VERTEX_POINT ( 'NONE', #1583 ) ;
#455 = DIRECTION ( 'NONE',  ( 1.000000000000000000, 0.000000000000000000, 0.000000000000000000 ) ) ;
#456 = EDGE_LOOP ( 'NONE', ( #1497, #2157 ) ) ;
#457 = DIRECTION ( 'NONE',  ( 0.000000000000000000, 0.000000000000000000, 1.000000000000000000 ) ) ;
#458 = DIRECTION ( 'NONE',  ( 1.000000000000000000, 0.000000000000000000, 0.000000000000000000 ) ) ;
#459 = ORIENTED_EDGE ( 'NONE', *, *, #2602, .F. ) ;
#460 = ORIENTED_EDGE ( 'NONE', *, *, #1248, .T. ) ;
#461 = CARTESIAN_POINT ( 'NONE',  ( 59.48484409930301808, 25.24981826630869008, -0.0009999999999992653654 ) ) ;
#462 = ORIENTED_EDGE ( 'NONE', *, *, #133, .T. ) ;
#463 = MECHANICAL_DESIGN_GEOMETRIC_PRESENTATION_REPRESENTATION (  '', ( #93 ), #1799 ) ;
#464 = FACE_OUTER_BOUND ( 'NONE', #425, .T. ) ;
#465 = DIRECTION ( 'NONE',  ( -0.000000000000000000, -0.000000000000000000, 1.000000000000000000 ) ) ;
#466 = EDGE_CURVE ( 'NONE', #1880, #744, #1282, .T. ) ;
#467 = VECTOR ( 'NONE', #1901, 1000.000000000000000 ) ;
#468 = VERTEX_POINT ( 'NONE', #1126 ) ;
#469 = DIRECTION ( 'NONE',  ( -0.000000000000000000, -0.000000000000000000, 1.000000000000000000 ) ) ;
#470 = AXIS2_PLACEMENT_3D ( 'NONE', #2230, #2057, #435 ) ;
#471 = ORIENTED_EDGE ( 'NONE', *, *, #2461, .T. ) ;
#472 = AXIS2_PLACEMENT_3D ( 'NONE', #810, #2574, #2356 ) ;
#473 = ORIENTED_EDGE ( 'NONE', *, *, #90, .T. ) ;
#474 = CIRCLE ( 'NONE', #2138, 7.000000000000000000 ) ;
#475 = ORIENTED_EDGE ( 'NONE', *, *, #2282, .F. ) ;
#476 = DIRECTION ( 'NONE',  ( -1.000000000000000000, 0.000000000000000000, 0.000000000000000000 ) ) ;
#477 = VECTOR ( 'NONE', #1922, 1000.000000000000000 ) ;
#478 = ORIENTED_EDGE ( 'NONE', *, *, #1850, .T. ) ;
#479 = DIRECTION ( 'NONE',  ( 1.000000000000000000, 0.000000000000000000, 0.000000000000000000 ) ) ;
#480 = CARTESIAN_POINT ( 'NONE',  ( 26.82828136643435712, -25.24981826630878601, 0.000000000000000000 ) ) ;
#481 = CARTESIAN_POINT ( 'NONE',  ( 7.000000000000000000, 0.000000000000000000, 0.000000000000000000 ) ) ;
#482 = AXIS2_PLACEMENT_3D ( 'NONE', #2920, #708, #915 ) ;
#483 = EDGE_LOOP ( 'NONE', ( #2243, #1234 ) ) ;
#484 = DIRECTION ( 'NONE',  ( -0.000000000000000000, -0.000000000000000000, 1.000000000000000000 ) ) ;
#485 = VERTEX_POINT ( 'NONE', #1811 ) ;
#486 = EDGE_CURVE ( 'NONE', #2145, #2739, #2459, .T. ) ;
#487 = VECTOR ( 'NONE', #2466, 1000.000000000000000 ) ;
#488 = AXIS2_PLACEMENT_3D ( 'NONE', #296, #1674, #1655 ) ;
#489 = CYLINDRICAL_SURFACE ( 'NONE', #374, 6.999999999999999112 ) ;
#490 = ORIENTED_EDGE ( 'NONE', *, *, #2658, .T. ) ;
#491 = ORIENTED_EDGE ( 'NONE', *, *, #1481, .F. ) ;
#492 = DIRECTION ( 'NONE',  ( -0.000000000000000000, -0.000000000000000000, 1.000000000000000000 ) ) ;
#493 = VERTEX_POINT ( 'NONE', #1072 ) ;
#494 = DIRECTION ( 'NONE',  ( 0.000000000000000000, 0.000000000000000000, 1.000000000000000000 ) ) ;
#495 = DIRECTION ( 'NONE',  ( -0.000000000000000000, -0.000000000000000000, 1.000000000000000000 ) ) ;
#496 = CARTESIAN_POINT ( 'NONE',  ( 52.48484409930301808, -8.416606088769631455, 12.00000000000000000 ) ) ;
#497 = ORIENTED_EDGE ( 'NONE', *, *, #2247, .T. ) ;
#498 = CARTESIAN_POINT ( 'NONE',  ( -26.82828136643431449, -8.416606088769624350, 12.00000000000000000 ) ) ;
#499 = ORIENTED_EDGE ( 'NONE', *, *, #1850, .F. ) ;
#500 =( LENGTH_UNIT ( ) NAMED_UNIT ( * ) SI_UNIT ( .MILLI., .METRE. ) );
#501 = EDGE_CURVE ( 'NONE', #284, #2638, #2256, .T. ) ;
#502 = EDGE_CURVE ( 'NONE', #866, #2418, #2139, .T. ) ;
#503 = VERTEX_POINT ( 'NONE', #1767 ) ;
#504 = CARTESIAN_POINT ( 'NONE',  ( -32.65656273286865030, -33.66642435507836950, 0.000000000000000000 ) ) ;
#505 = CIRCLE ( 'NONE', #2261, 6.999999999999999112 ) ;
#506 = ORIENTED_EDGE ( 'NONE', *, *, #2373, .T. ) ;
#507 = DIRECTION ( 'NONE',  ( -0.000000000000000000, -0.000000000000000000, 1.000000000000000000 ) ) ;
#508 = CARTESIAN_POINT ( 'NONE',  ( 19.82828136643435357, 8.416606088769533756, 12.00000000000000000 ) ) ;
#509 = CARTESIAN_POINT ( 'NONE',  ( 39.65656273286868583, -16.83321217753920962, -0.0009999999999992653654 ) ) ;
#510 = VERTEX_POINT ( 'NONE', #2874 ) ;
#511 = DIRECTION ( 'NONE',  ( -0.000000000000000000, -0.000000000000000000, 1.000000000000000000 ) ) ;
#512 = LINE ( 'NONE', #2541, #935 ) ;
#513 = CIRCLE ( 'NONE', #2642, 6.999999999999999112 ) ;
#514 = EDGE_LOOP ( 'NONE', ( #1829, #641, #462, #2046 ) ) ;
#515 = FACE_OUTER_BOUND ( 'NONE', #179, .T. ) ;
#516 = CIRCLE ( 'NONE', #470, 6.999999999999999112 ) ;
#517 = VERTEX_POINT ( 'NONE', #429 ) ;
#518 = LINE ( 'NONE', #2756, #103 ) ;
#519 = EDGE_CURVE ( 'NONE', #874, #434, #670, .T. ) ;
#520 = EDGE_CURVE ( 'NONE', #876, #2885, #524, .T. ) ;
#521 = FACE_BOUND ( 'NONE', #1379, .T. ) ;
#522 = AXIS2_PLACEMENT_3D ( 'NONE', #324, #2369, #1222 ) ;
#523 = VERTEX_POINT ( 'NONE', #1568 ) ;
#524 = CIRCLE ( 'NONE', #2184, 6.999999999999999112 ) ;
#525 = ORIENTED_EDGE ( 'NONE', *, *, #1887, .T. ) ;
#526 = EDGE_CURVE ( 'NONE', #2349, #1707, #11, .T. ) ;
#527 = FACE_OUTER_BOUND ( 'NONE', #768, .T. ) ;
#528 = CARTESIAN_POINT ( 'NONE',  ( 59.48484409930301808, -8.416606088769631455, 0.000000000000000000 ) ) ;
#529 = CYLINDRICAL_SURFACE ( 'NONE', #2388, 7.000000000000006217 ) ;
#530 = EDGE_LOOP ( 'NONE', ( #894, #2609, #2834, #2901 ) ) ;
#531 = FACE_OUTER_BOUND ( 'NONE', #1443, .T. ) ;
#532 = CARTESIAN_POINT ( 'NONE',  ( 86.31312546573735744, 16.83321217753910659, 0.000000000000000000 ) ) ;
#533 = CIRCLE ( 'NONE', #276, 7.000000000000006217 ) ;
#534 = VECTOR ( 'NONE', #1076, 1000.000000000000000 ) ;
#535 = ORIENTED_EDGE ( 'NONE', *, *, #2531, .T. ) ;
#536 = DIRECTION ( 'NONE',  ( -1.000000000000000000, 0.000000000000000000, 0.000000000000000000 ) ) ;
#537 = AXIS2_PLACEMENT_3D ( 'NONE', #2296, #1879, #709 ) ;
#538 = ORIENTED_EDGE ( 'NONE', *, *, #24, .F. ) ;
#539 = CARTESIAN_POINT ( 'NONE',  ( 86.31312546573735744, 16.83321217753910659, -0.0009999999999992653654 ) ) ;
#540 = FACE_BOUND ( 'NONE', #1097, .T. ) ;
#541 = VECTOR ( 'NONE', #2195, 1000.000000000000000 ) ;
#542 = AXIS2_PLACEMENT_3D ( 'NONE', #359, #582, #1721 ) ;
#543 = VERTEX_POINT ( 'NONE', #2651 ) ;
#544 = VERTEX_POINT ( 'NONE', #630 ) ;
#545 = CARTESIAN_POINT ( 'NONE',  ( 52.48484409930301808, -25.24981826630878601, 0.000000000000000000 ) ) ;
#546 = CYLINDRICAL_SURFACE ( 'NONE', #625, 7.000000000000006217 ) ;
#547 = FACE_BOUND ( 'NONE', #1723, .T. ) ;
#548 = EDGE_CURVE ( 'NONE', #2456, #2186, #1003, .T. ) ;
#549 = DIRECTION ( 'NONE',  ( 1.000000000000000000, 0.000000000000000000, 0.000000000000000000 ) ) ;
#550 = CARTESIAN_POINT ( 'NONE',  ( 0.000000000000000000, 0.000000000000000000, -0.0009999999999992653654 ) ) ;
#551 = VERTEX_POINT ( 'NONE', #1541 ) ;
#552 = LINE ( 'NONE', #1468, #850 ) ;
#553 = CARTESIAN_POINT ( 'NONE',  ( -12.82828136643433226, 25.24981826630869008, 0.000000000000000000 ) ) ;
#554 = VERTEX_POINT ( 'NONE', #5 ) ;
#555 = ORIENTED_EDGE ( 'NONE', *, *, #344, .F. ) ;
#556 = CIRCLE ( 'NONE', #2027, 6.999999999999999112 ) ;
#557 = CARTESIAN_POINT ( 'NONE',  ( -32.65656273286866451, -4.510281037539698445E-14, -0.0009999999999992653654 ) ) ;
#558 = CARTESIAN_POINT ( 'NONE',  ( 7.000000000000000000, 0.000000000000000000, -0.0009999999999992653654 ) ) ;
#559 = FACE_BOUND ( 'NONE', #2449, .T. ) ;
#560 = VECTOR ( 'NONE', #2408, 1000.000000000000000 ) ;
#561 = EDGE_CURVE ( 'NONE', #212, #717, #627, .T. ) ;
#562 = CARTESIAN_POINT ( 'NONE',  ( -66.48484409930300387, -8.416606088769624350, 0.000000000000000000 ) ) ;
#563 = DIRECTION ( 'NONE',  ( -0.000000000000000000, -0.000000000000000000, 1.000000000000000000 ) ) ;
#564 = VECTOR ( 'NONE', #2037, 1000.000000000000000 ) ;
#565 = DIRECTION ( 'NONE',  ( 0.000000000000000000, 0.000000000000000000, 1.000000000000000000 ) ) ;
#566 = DIRECTION ( 'NONE',  ( 1.000000000000000000, 0.000000000000000000, 0.000000000000000000 ) ) ;
#567 = ORIENTED_EDGE ( 'NONE', *, *, #2621, .T. ) ;
#568 = ORIENTED_EDGE ( 'NONE', *, *, #1869, .T. ) ;
#569 = DIRECTION ( 'NONE',  ( -0.000000000000000000, -0.000000000000000000, 1.000000000000000000 ) ) ;
#570 = DIRECTION ( 'NONE',  ( 0.000000000000000000, 0.000000000000000000, 1.000000000000000000 ) ) ;
#571 = FACE_BOUND ( 'NONE', #1002, .T. ) ;
#572 = AXIS2_PLACEMENT_3D ( 'NONE', #309, #2823, #2338 ) ;
#573 = DIRECTION ( 'NONE',  ( -0.000000000000000000, -0.000000000000000000, 1.000000000000000000 ) ) ;
#574 = DIRECTION ( 'NONE',  ( 1.000000000000000000, 0.000000000000000000, 0.000000000000000000 ) ) ;
#575 = EDGE_CURVE ( 'NONE', #1610, #1321, #2447, .T. ) ;
#576 = EDGE_LOOP ( 'NONE', ( #969, #2471 ) ) ;
#577 = CIRCLE ( 'NONE', #2002, 6.999999999999999112 ) ;
#578 = CARTESIAN_POINT ( 'NONE',  ( 79.31312546573734323, -16.83321217753920962, 0.000000000000000000 ) ) ;
#579 = CIRCLE ( 'NONE', #2469, 6.999999999999999112 ) ;
#580 = EDGE_CURVE ( 'NONE', #2136, #2094, #2423, .T. ) ;
#581 = EDGE_CURVE ( 'NONE', #1660, #1158, #2212, .T. ) ;
#582 = DIRECTION ( 'NONE',  ( -0.000000000000000000, -0.000000000000000000, 1.000000000000000000 ) ) ;
#583 = CLOSED_SHELL ( 'NONE', ( #1263, #1261, #2601, #1175, #1071, #2811, #329, #1814, #743, #289, #2862, #2100, #960, #2624, #2211, #2319, #2528, #274, #1105, #1926, #2141, #742, #2623, #2016, #315, #4, #1663, #1538, #883, #413, #2657, #942, #2747, #202, #2142, #2875, #1994, #855, #2173, #2570, #2893, #854, #1627, #1084, #91, #2407, #815, #1979, #1832, #75, #2640, #1521, #783, #1144, #1053, #1339, #652, #2320, #1338, #2839, #184, #451, #2048, #2769, #922, #2226, #2358, #2357, #1717, #1552, #2479, #2838, #653, #1643, #2250, #1883, #981, #1500, #2748, #1662 ) ) ;
#584 = VERTEX_POINT ( 'NONE', #196 ) ;
#585 = VERTEX_POINT ( 'NONE', #1098 ) ;
#586 = ORIENTED_EDGE ( 'NONE', *, *, #1776, .F. ) ;
#587 = CIRCLE ( 'NONE', #2242, 7.000000000000006217 ) ;
#588 = VECTOR ( 'NONE', #149, 1000.000000000000000 ) ;
#589 = DIRECTION ( 'NONE',  ( 1.000000000000000000, 0.000000000000000000, 0.000000000000000000 ) ) ;
#590 = AXIS2_PLACEMENT_3D ( 'NONE', #2390, #1469, #1485 ) ;
#591 = FACE_OUTER_BOUND ( 'NONE', #2001, .T. ) ;
#592 = CYLINDRICAL_SURFACE ( 'NONE', #472, 6.999999999999999112 ) ;
#593 = CARTESIAN_POINT ( 'NONE',  ( -32.65656273286867162, 33.66642435507828424, -0.0009999999999992653654 ) ) ;
#594 = CYLINDRICAL_SURFACE ( 'NONE', #824, 7.000000000000006217 ) ;
#595 = FACE_BOUND ( 'NONE', #1740, .T. ) ;
#596 = DIRECTION ( 'NONE',  ( 0.000000000000000000, 0.000000000000000000, 1.000000000000000000 ) ) ;
#597 = DIRECTION ( 'NONE',  ( -1.000000000000000000, 0.000000000000000000, 0.000000000000000000 ) ) ;
#598 = EDGE_CURVE ( 'NONE', #1810, #2456, #2005, .T. ) ;
#599 = ORIENTED_EDGE ( 'NONE', *, *, #980, .T. ) ;
#600 = ORIENTED_EDGE ( 'NONE', *, *, #2099, .T. ) ;
#601 = ORIENTED_EDGE ( 'NONE', *, *, #2764, .F. ) ;
#602 = DIRECTION ( 'NONE',  ( 0.000000000000000000, 1.000000000000000000, 0.000000000000000000 ) ) ;
#603 = DIRECTION ( 'NONE',  ( 1.000000000000000000, 0.000000000000000000, 0.000000000000000000 ) ) ;
#604 = FACE_BOUND ( 'NONE', #217, .T. ) ;
#605 = CARTESIAN_POINT ( 'NONE',  ( -72.31312546573731481, -16.83321217753920251, 12.00000000000000000 ) ) ;
#606 = CARTESIAN_POINT ( 'NONE',  ( 19.82828136643435357, -8.416606088769631455, 0.000000000000000000 ) ) ;
#607 = PRODUCT_DEFINITION_FORMATION_WITH_SPECIFIED_SOURCE ( 'ANY', '', #1889, .NOT_KNOWN. ) ;
#608 = VECTOR ( 'NONE', #2679, 1000.000000000000000 ) ;
#609 = DIRECTION ( 'NONE',  ( -0.000000000000000000, -0.000000000000000000, 1.000000000000000000 ) ) ;
#610 = FACE_BOUND ( 'NONE', #1393, .T. ) ;
#611 = FACE_OUTER_BOUND ( 'NONE', #832, .T. ) ;
#612 = DIRECTION ( 'NONE',  ( 1.000000000000000000, 0.000000000000000000, 0.000000000000000000 ) ) ;
#613 = AXIS2_PLACEMENT_3D ( 'NONE', #2585, #2150, #740 ) ;
#614 = EDGE_LOOP ( 'NONE', ( #1852, #2404 ) ) ;
#615 = VERTEX_POINT ( 'NONE', #1781 ) ;
#616 = EDGE_CURVE ( 'NONE', #551, #405, #2681, .T. ) ;
#617 = ORIENTED_EDGE ( 'NONE', *, *, #2718, .T. ) ;
#618 = EDGE_CURVE ( 'NONE', #1025, #523, #2562, .T. ) ;
#619 = DIRECTION ( 'NONE',  ( 1.000000000000000000, 0.000000000000000000, 0.000000000000000000 ) ) ;
#620 = DIRECTION ( 'NONE',  ( -0.000000000000000000, -0.000000000000000000, 1.000000000000000000 ) ) ;
#621 = AXIS2_PLACEMENT_3D ( 'NONE', #461, #2025, #187 ) ;
#622 = EDGE_CURVE ( 'NONE', #230, #92, #1145, .T. ) ;
#623 = CARTESIAN_POINT ( 'NONE',  ( -19.82828136643431449, -25.24981826630878601, -0.0009999999999992653654 ) ) ;
#624 = CARTESIAN_POINT ( 'NONE',  ( 66.48484409930303229, -8.416606088769631455, 0.000000000000000000 ) ) ;
#625 = AXIS2_PLACEMENT_3D ( 'NONE', #1237, #1864, #2761 ) ;
#626 = DIRECTION ( 'NONE',  ( -0.000000000000000000, -0.000000000000000000, 1.000000000000000000 ) ) ;
#627 = CIRCLE ( 'NONE', #769, 6.999999999999999112 ) ;
#628 = ORIENTED_EDGE ( 'NONE', *, *, #2121, .T. ) ;
#629 = FACE_BOUND ( 'NONE', #614, .T. ) ;
#630 = CARTESIAN_POINT ( 'NONE',  ( 66.48484409930303229, -25.24981826630878601, 0.000000000000000000 ) ) ;
#631 = ORIENTED_EDGE ( 'NONE', *, *, #2527, .F. ) ;
#632 = ORIENTED_EDGE ( 'NONE', *, *, #1482, .T. ) ;
#633 = ORIENTED_EDGE ( 'NONE', *, *, #1576, .T. ) ;
#634 = AXIS2_PLACEMENT_3D ( 'NONE', #2263, #1985, #2883 ) ;
#635 = AXIS2_PLACEMENT_3D ( 'NONE', #1998, #916, #2453 ) ;
#636 = CYLINDRICAL_SURFACE ( 'NONE', #294, 6.999999999999999112 ) ;
#637 = DIRECTION ( 'NONE',  ( -0.000000000000000000, -0.000000000000000000, 1.000000000000000000 ) ) ;
#638 = EDGE_CURVE ( 'NONE', #544, #2755, #155, .T. ) ;
#639 = EDGE_CURVE ( 'NONE', #2721, #1351, #1955, .T. ) ;
#640 = CYLINDRICAL_SURFACE ( 'NONE', #1289, 6.999999999999999112 ) ;
#641 = ORIENTED_EDGE ( 'NONE', *, *, #638, .F. ) ;
#642 = DIRECTION ( 'NONE',  ( 1.000000000000000000, 0.000000000000000000, 0.000000000000000000 ) ) ;
#643 = VERTEX_POINT ( 'NONE', #1777 ) ;
#644 = DIRECTION ( 'NONE',  ( 0.000000000000000000, 0.000000000000000000, 1.000000000000000000 ) ) ;
#645 = EDGE_LOOP ( 'NONE', ( #1991, #186 ) ) ;
#646 = ORIENTED_EDGE ( 'NONE', *, *, #1796, .T. ) ;
#647 = CARTESIAN_POINT ( 'NONE',  ( -59.48484409930297545, -25.24981826630878246, 0.000000000000000000 ) ) ;
#648 = DIRECTION ( 'NONE',  ( -0.000000000000000000, -0.000000000000000000, 1.000000000000000000 ) ) ;
#649 = LINE ( 'NONE', #2015, #1155 ) ;
#650 = DIRECTION ( 'NONE',  ( 1.000000000000000000, 0.000000000000000000, 0.000000000000000000 ) ) ;
#651 = EDGE_LOOP ( 'NONE', ( #893, #78, #1755, #1592 ) ) ;
#652 = ADVANCED_FACE ( 'NONE', ( #2433 ), #640, .F. ) ;
#653 = ADVANCED_FACE ( 'NONE', ( #441 ), #1747, .F. ) ;
#654 = AXIS2_PLACEMENT_3D ( 'NONE', #1951, #2867, #2582 ) ;
#655 = CARTESIAN_POINT ( 'NONE',  ( -52.48484409930300387, 8.416606088769533756, 12.00000000000000000 ) ) ;
#656 = AXIS2_PLACEMENT_3D ( 'NONE', #2708, #469, #253 ) ;
#657 = EDGE_LOOP ( 'NONE', ( #45, #2128 ) ) ;
#658 = FACE_OUTER_BOUND ( 'NONE', #823, .T. ) ;
#659 = DIRECTION ( 'NONE',  ( -1.000000000000000000, 0.000000000000000000, 0.000000000000000000 ) ) ;
#660 = VERTEX_POINT ( 'NONE', #1959 ) ;
#661 = ORIENTED_EDGE ( 'NONE', *, *, #1944, .T. ) ;
#662 = DIRECTION ( 'NONE',  ( -0.000000000000000000, -0.000000000000000000, 1.000000000000000000 ) ) ;
#663 = CARTESIAN_POINT ( 'NONE',  ( -39.65656273286866451, -4.510281037539698445E-14, 0.000000000000000000 ) ) ;
#664 = CARTESIAN_POINT ( 'NONE',  ( -52.48484409930297545, -25.24981826630878246, 12.00000000000000000 ) ) ;
#665 = CARTESIAN_POINT ( 'NONE',  ( 0.000000000000000000, 33.66642435507827003, 0.000000000000000000 ) ) ;
#666 = ORIENTED_EDGE ( 'NONE', *, *, #1247, .F. ) ;
#667 = CARTESIAN_POINT ( 'NONE',  ( -86.31312546573734323, 16.83321217753912435, 0.000000000000000000 ) ) ;
#668 = PRODUCT_DEFINITION ( 'UNKNOWN', '', #607, #2119 ) ;
#669 = VERTEX_POINT ( 'NONE', #1067 ) ;
#670 = LINE ( 'NONE', #1348, #2556 ) ;
#671 = CARTESIAN_POINT ( 'NONE',  ( -59.48484409930298966, -8.416606088769624350, 0.000000000000000000 ) ) ;
#672 = EDGE_CURVE ( 'NONE', #660, #1801, #2051, .T. ) ;
#673 = ORIENTED_EDGE ( 'NONE', *, *, #1160, .T. ) ;
#674 = ORIENTED_EDGE ( 'NONE', *, *, #2192, .F. ) ;
#675 = CARTESIAN_POINT ( 'NONE',  ( -32.65656273286865030, -16.83321217753920251, 12.00000000000000000 ) ) ;
#676 = CIRCLE ( 'NONE', #14, 7.000000000000006217 ) ;
#677 = VECTOR ( 'NONE', #609, 1000.000000000000000 ) ;
#678 = PRODUCT_CONTEXT ( 'NONE', #2055, 'mechanical' ) ;
#679 = AXIS2_PLACEMENT_3D ( 'NONE', #1460, #1043, #2160 ) ;
#680 = DIRECTION ( 'NONE',  ( -0.000000000000000000, -0.000000000000000000, 1.000000000000000000 ) ) ;
#681 = LINE ( 'NONE', #2207, #1530 ) ;
#682 = ORIENTED_EDGE ( 'NONE', *, *, #38, .F. ) ;
#683 = CARTESIAN_POINT ( 'NONE',  ( -59.48484409930298966, -8.416606088769624350, 12.00000000000000000 ) ) ;
#684 = CIRCLE ( 'NONE', #2856, 6.999999999999999112 ) ;
#685 = CIRCLE ( 'NONE', #542, 6.999999999999999112 ) ;
#686 = ORIENTED_EDGE ( 'NONE', *, *, #2672, .T. ) ;
#687 = CARTESIAN_POINT ( 'NONE',  ( 32.65656273286869293, -33.66642435507836950, -0.0009999999999992653654 ) ) ;
#688 = DIRECTION ( 'NONE',  ( 1.000000000000000000, 0.000000000000000000, 0.000000000000000000 ) ) ;
#689 = ORIENTED_EDGE ( 'NONE', *, *, #835, .T. ) ;
#690 = EDGE_LOOP ( 'NONE', ( #2187, #1980, #880, #599 ) ) ;
#691 = CARTESIAN_POINT ( 'NONE',  ( -19.82828136643431449, -25.24981826630878601, 12.00000000000000000 ) ) ;
#692 = EDGE_CURVE ( 'NONE', #1250, #1177, #2675, .T. ) ;
#693 = EDGE_CURVE ( 'NONE', #2593, #510, #1987, .T. ) ;
#694 = FACE_OUTER_BOUND ( 'NONE', #814, .T. ) ;
#695 = CARTESIAN_POINT ( 'NONE',  ( -46.65656273286866451, 33.66642435507828424, 0.000000000000000000 ) ) ;
#696 = ORIENTED_EDGE ( 'NONE', *, *, #1522, .F. ) ;
#697 = CARTESIAN_POINT ( 'NONE',  ( 86.31312546573735744, -16.83321217753920962, 12.00000000000000000 ) ) ;
#698 = ORIENTED_EDGE ( 'NONE', *, *, #2785, .T. ) ;
#699 = AXIS2_PLACEMENT_3D ( 'NONE', #2254, #2445, #642 ) ;
#700 = DIRECTION ( 'NONE',  ( 0.000000000000000000, 0.000000000000000000, 1.000000000000000000 ) ) ;
#701 = AXIS2_PLACEMENT_3D ( 'NONE', #1588, #1089, #1151 ) ;
#702 = VERTEX_POINT ( 'NONE', #1536 ) ;
#703 = EDGE_LOOP ( 'NONE', ( #445, #847 ) ) ;
#704 = CARTESIAN_POINT ( 'NONE',  ( 39.65656273286868583, 16.83321217753911370, 0.000000000000000000 ) ) ;
#705 = EDGE_CURVE ( 'NONE', #770, #2499, #2884, .T. ) ;
#706 = ORIENTED_EDGE ( 'NONE', *, *, #1138, .T. ) ;
#707 = COLOUR_RGB ( '',0.7921568627450980005, 0.8196078431372548767, 0.9333333333333333481 ) ;
#708 = DIRECTION ( 'NONE',  ( -0.000000000000000000, -0.000000000000000000, 1.000000000000000000 ) ) ;
#709 = DIRECTION ( 'NONE',  ( -1.000000000000000000, 0.000000000000000000, 0.000000000000000000 ) ) ;
#710 = EDGE_CURVE ( 'NONE', #669, #2669, #776, .T. ) ;
#711 = AXIS2_PLACEMENT_3D ( 'NONE', #1215, #1480, #2818 ) ;
#712 = ORIENTED_EDGE ( 'NONE', *, *, #1738, .F. ) ;
#713 = CARTESIAN_POINT ( 'NONE',  ( -59.48484409930297545, -25.24981826630878246, 0.000000000000000000 ) ) ;
#714 = VERTEX_POINT ( 'NONE', #2858 ) ;
#715 = CARTESIAN_POINT ( 'NONE',  ( 0.000000000000000000, 0.000000000000000000, -0.0009999999999992653654 ) ) ;
#716 = AXIS2_PLACEMENT_3D ( 'NONE', #1461, #1446, #2115 ) ;
#717 = VERTEX_POINT ( 'NONE', #860 ) ;
#718 = AXIS2_PLACEMENT_3D ( 'NONE', #2772, #1217, #983 ) ;
#719 = ORIENTED_EDGE ( 'NONE', *, *, #437, .T. ) ;
#720 = DIRECTION ( 'NONE',  ( -0.000000000000000000, -0.000000000000000000, 1.000000000000000000 ) ) ;
#721 = EDGE_LOOP ( 'NONE', ( #2532, #2864 ) ) ;
#722 = DIRECTION ( 'NONE',  ( -0.000000000000000000, -0.000000000000000000, 1.000000000000000000 ) ) ;
#723 = CARTESIAN_POINT ( 'NONE',  ( 19.82828136643435357, -25.24981826630878601, 0.000000000000000000 ) ) ;
#724 = DIRECTION ( 'NONE',  ( -0.000000000000000000, -0.000000000000000000, 1.000000000000000000 ) ) ;
#725 = CIRCLE ( 'NONE', #962, 7.000000000000006217 ) ;
#726 = EDGE_LOOP ( 'NONE', ( #2905, #2849, #2897, #1395 ) ) ;
#727 = EDGE_CURVE ( 'NONE', #554, #468, #913, .T. ) ;
#728 = CARTESIAN_POINT ( 'NONE',  ( 66.48484409930303229, 25.24981826630869008, 0.000000000000000000 ) ) ;
#729 = ORIENTED_EDGE ( 'NONE', *, *, #2731, .T. ) ;
#730 = AXIS2_PLACEMENT_3D ( 'NONE', #1431, #975, #310 ) ;
#731 = VECTOR ( 'NONE', #789, 1000.000000000000000 ) ;
#732 = DIRECTION ( 'NONE',  ( -1.000000000000000000, 0.000000000000000000, 0.000000000000000000 ) ) ;
#733 = ORIENTED_EDGE ( 'NONE', *, *, #869, .T. ) ;
#734 = DIRECTION ( 'NONE',  ( 1.000000000000000000, 0.000000000000000000, 0.000000000000000000 ) ) ;
#735 = ORIENTED_EDGE ( 'NONE', *, *, #1210, .F. ) ;
#736 = CARTESIAN_POINT ( 'NONE',  ( -12.82828136643431449, -25.24981826630878601, -0.0009999999999992653654 ) ) ;
#737 = DIRECTION ( 'NONE',  ( -0.000000000000000000, -0.000000000000000000, 1.000000000000000000 ) ) ;
#738 = CARTESIAN_POINT ( 'NONE',  ( -39.65656273286866451, 16.83321217753911370, 0.000000000000000000 ) ) ;
#739 = EDGE_LOOP ( 'NONE', ( #777, #1202 ) ) ;
#740 = DIRECTION ( 'NONE',  ( 1.000000000000000000, 0.000000000000000000, 0.000000000000000000 ) ) ;
#741 = DIRECTION ( 'NONE',  ( -0.000000000000000000, -0.000000000000000000, 1.000000000000000000 ) ) ;
#742 = ADVANCED_FACE ( 'NONE', ( #1108 ), #1311, .F. ) ;
#743 = ADVANCED_FACE ( 'NONE', ( #399 ), #1763, .F. ) ;
#744 = VERTEX_POINT ( 'NONE', #2417 ) ;
#745 = EDGE_CURVE ( 'NONE', #1692, #1421, #533, .T. ) ;
#746 = ORIENTED_EDGE ( 'NONE', *, *, #2264, .F. ) ;
#747 = DIRECTION ( 'NONE',  ( -0.000000000000000000, -0.000000000000000000, -1.000000000000000000 ) ) ;
#748 = AXIS2_PLACEMENT_3D ( 'NONE', #2628, #1473, #2205 ) ;
#749 = VECTOR ( 'NONE', #949, 1000.000000000000000 ) ;
#750 = EDGE_LOOP ( 'NONE', ( #2088, #2779 ) ) ;
#751 = ORIENTED_EDGE ( 'NONE', *, *, #2711, .T. ) ;
#752 = CARTESIAN_POINT ( 'NONE',  ( -7.000000000000000000, 8.572527594031473190E-16, 0.000000000000000000 ) ) ;
#753 = FACE_OUTER_BOUND ( 'NONE', #1260, .T. ) ;
#754 = DIRECTION ( 'NONE',  ( -1.000000000000000000, 0.000000000000000000, 0.000000000000000000 ) ) ;
#755 = VERTEX_POINT ( 'NONE', #166 ) ;
#756 = CIRCLE ( 'NONE', #1842, 7.000000000000006217 ) ;
#757 = CARTESIAN_POINT ( 'NONE',  ( 52.48484409930301808, -25.24981826630878601, -0.0009999999999992653654 ) ) ;
#758 = DIRECTION ( 'NONE',  ( 0.000000000000000000, 0.000000000000000000, 1.000000000000000000 ) ) ;
#759 = CIRCLE ( 'NONE', #2409, 6.999999999999999112 ) ;
#760 = EDGE_LOOP ( 'NONE', ( #1336, #1950 ) ) ;
#761 = PLANE ( 'NONE',  #711 ) ;
#762 = AXIS2_PLACEMENT_3D ( 'NONE', #647, #2489, #1366 ) ;
#763 = ORIENTED_EDGE ( 'NONE', *, *, #2587, .F. ) ;
#764 = CARTESIAN_POINT ( 'NONE',  ( 19.82828136643435357, -25.24981826630878601, -0.0009999999999992653654 ) ) ;
#765 = EDGE_CURVE ( 'NONE', #584, #144, #1171, .T. ) ;
#766 = FACE_BOUND ( 'NONE', #1102, .T. ) ;
#767 = EDGE_CURVE ( 'NONE', #2524, #2380, #1973, .T. ) ;
#768 = EDGE_LOOP ( 'NONE', ( #901, #1164, #852, #471 ) ) ;
#769 = AXIS2_PLACEMENT_3D ( 'NONE', #1555, #907, #213 ) ;
#770 = VERTEX_POINT ( 'NONE', #1093 ) ;
#771 = DIRECTION ( 'NONE',  ( -0.000000000000000000, -0.000000000000000000, 1.000000000000000000 ) ) ;
#772 = DIRECTION ( 'NONE',  ( -1.000000000000000000, 0.000000000000000000, 0.000000000000000000 ) ) ;
#773 = CARTESIAN_POINT ( 'NONE',  ( 7.000000000000000000, 33.66642435507827003, -0.0009999999999992653654 ) ) ;
#774 = CARTESIAN_POINT ( 'NONE',  ( 32.65656273286867872, 33.66642435507827003, 0.000000000000000000 ) ) ;
#775 = CARTESIAN_POINT ( 'NONE',  ( 26.82828136643433936, 25.24981826630869008, -0.0009999999999992653654 ) ) ;
#776 = CIRCLE ( 'NONE', #1150, 7.000000000000006217 ) ;
#777 = ORIENTED_EDGE ( 'NONE', *, *, #997, .T. ) ;
#778 = CARTESIAN_POINT ( 'NONE',  ( 59.48484409930301808, 8.416606088769526650, 12.00000000000000000 ) ) ;
#779 = CIRCLE ( 'NONE', #1719, 6.999999999999999112 ) ;
#780 = DIRECTION ( 'NONE',  ( -0.000000000000000000, -0.000000000000000000, 1.000000000000000000 ) ) ;
#781 = EDGE_LOOP ( 'NONE', ( #2581, #2918, #987, #260 ) ) ;
#782 = EDGE_LOOP ( 'NONE', ( #2123, #391 ) ) ;
#783 = ADVANCED_FACE ( 'NONE', ( #2000 ), #2910, .F. ) ;
#784 = EDGE_CURVE ( 'NONE', #1321, #1383, #2402, .T. ) ;
#785 = DIRECTION ( 'NONE',  ( -0.000000000000000000, -0.000000000000000000, 1.000000000000000000 ) ) ;
#786 = CARTESIAN_POINT ( 'NONE',  ( -39.65656273286866451, 16.83321217753911370, 0.000000000000000000 ) ) ;
#787 = FACE_BOUND ( 'NONE', #483, .T. ) ;
#788 = DIRECTION ( 'NONE',  ( 1.000000000000000000, 0.000000000000000000, 0.000000000000000000 ) ) ;
#789 = DIRECTION ( 'NONE',  ( -0.000000000000000000, -0.000000000000000000, 1.000000000000000000 ) ) ;
#790 = ORIENTED_EDGE ( 'NONE', *, *, #2807, .F. ) ;
#791 = DIRECTION ( 'NONE',  ( -0.000000000000000000, -0.000000000000000000, 1.000000000000000000 ) ) ;
#792 = DIRECTION ( 'NONE',  ( -0.000000000000000000, -0.000000000000000000, 1.000000000000000000 ) ) ;
#793 = EDGE_LOOP ( 'NONE', ( #318, #1830 ) ) ;
#794 = ORIENTED_EDGE ( 'NONE', *, *, #2785, .F. ) ;
#795 = CIRCLE ( 'NONE', #656, 7.000000000000006217 ) ;
#796 = CYLINDRICAL_SURFACE ( 'NONE', #1688, 6.999999999999999112 ) ;
#797 = DIRECTION ( 'NONE',  ( -1.000000000000000000, 0.000000000000000000, 0.000000000000000000 ) ) ;
#798 = FACE_BOUND ( 'NONE', #362, .T. ) ;
#799 = LINE ( 'NONE', #2104, #2379 ) ;
#800 = CARTESIAN_POINT ( 'NONE',  ( 39.65656273286868583, 16.83321217753911370, 12.00000000000000000 ) ) ;
#801 = EDGE_CURVE ( 'NONE', #1004, #2221, #2728, .T. ) ;
#802 = AXIS2_PLACEMENT_3D ( 'NONE', #1243, #1687, #1921 ) ;
#803 = CYLINDRICAL_SURFACE ( 'NONE', #2644, 6.999999999999999112 ) ;
#804 = DIRECTION ( 'NONE',  ( 1.000000000000000000, 0.000000000000000000, 0.000000000000000000 ) ) ;
#805 = EDGE_LOOP ( 'NONE', ( #2406, #2442 ) ) ;
#806 = ORIENTED_EDGE ( 'NONE', *, *, #1605, .F. ) ;
#807 = EDGE_LOOP ( 'NONE', ( #1817, #2276, #1305, #1873 ) ) ;
#808 = FACE_OUTER_BOUND ( 'NONE', #2367, .T. ) ;
#809 = FACE_OUTER_BOUND ( 'NONE', #986, .T. ) ;
#810 = CARTESIAN_POINT ( 'NONE',  ( -19.82828136643431449, -8.416606088769624350, -0.0009999999999992653654 ) ) ;
#811 = CIRCLE ( 'NONE', #1804, 7.000000000000006217 ) ;
#812 = CARTESIAN_POINT ( 'NONE',  ( -79.31312546573732902, 16.83321217753912435, 0.000000000000000000 ) ) ;
#813 = CARTESIAN_POINT ( 'NONE',  ( 39.65656273286868583, -5.204170427930421283E-14, -0.0009999999999992653654 ) ) ;
#814 = EDGE_LOOP ( 'NONE', ( #1419, #2706, #2426, #1532 ) ) ;
#815 = ADVANCED_FACE ( 'NONE', ( #1290 ), #2209, .F. ) ;
#816 = AXIS2_PLACEMENT_3D ( 'NONE', #1323, #368, #1283 ) ;
#817 = DIRECTION ( 'NONE',  ( -0.000000000000000000, -0.000000000000000000, -1.000000000000000000 ) ) ;
#818 = CARTESIAN_POINT ( 'NONE',  ( 19.82828136643435357, -8.416606088769631455, 12.00000000000000000 ) ) ;
#819 = AXIS2_PLACEMENT_3D ( 'NONE', #1413, #1165, #85 ) ;
#820 = CYLINDRICAL_SURFACE ( 'NONE', #165, 6.999999999999999112 ) ;
#821 = ORIENTED_EDGE ( 'NONE', *, *, #1411, .F. ) ;
#822 = ORIENTED_EDGE ( 'NONE', *, *, #928, .F. ) ;
#823 = EDGE_LOOP ( 'NONE', ( #1778, #41, #2568, #2917 ) ) ;
#824 = AXIS2_PLACEMENT_3D ( 'NONE', #383, #2870, #574 ) ;
#825 = CARTESIAN_POINT ( 'NONE',  ( 72.31312546573734323, -5.118445151990106680E-14, 12.00000000000000000 ) ) ;
#826 = CIRCLE ( 'NONE', #444, 7.000000000000006217 ) ;
#827 = DIRECTION ( 'NONE',  ( 1.000000000000000000, 0.000000000000000000, 0.000000000000000000 ) ) ;
#828 = FACE_BOUND ( 'NONE', #223, .T. ) ;
#829 = DIRECTION ( 'NONE',  ( -0.000000000000000000, -0.000000000000000000, 1.000000000000000000 ) ) ;
#830 = LINE ( 'NONE', #2646, #541 ) ;
#831 = DIRECTION ( 'NONE',  ( 1.000000000000000000, 0.000000000000000000, 0.000000000000000000 ) ) ;
#832 = EDGE_LOOP ( 'NONE', ( #410, #2701, #2667, #478 ) ) ;
#833 = CARTESIAN_POINT ( 'NONE',  ( 0.000000000000000000, 0.000000000000000000, 12.00000000000000000 ) ) ;
#834 = LINE ( 'NONE', #2861, #2787 ) ;
#835 = EDGE_CURVE ( 'NONE', #702, #615, #1124, .T. ) ;
#836 = EDGE_CURVE ( 'NONE', #230, #995, #2886, .T. ) ;
#837 = CARTESIAN_POINT ( 'NONE',  ( 79.31312546573734323, -16.83321217753920962, 12.00000000000000000 ) ) ;
#838 = EDGE_CURVE ( 'NONE', #1242, #468, #2649, .T. ) ;
#839 = ORIENTED_EDGE ( 'NONE', *, *, #38, .T. ) ;
#840 = ORIENTED_EDGE ( 'NONE', *, *, #96, .T. ) ;
#841 = VERTEX_POINT ( 'NONE', #1204 ) ;
#842 = DIRECTION ( 'NONE',  ( -0.000000000000000000, -0.000000000000000000, 1.000000000000000000 ) ) ;
#843 = FACE_BOUND ( 'NONE', #1706, .T. ) ;
#844 = CARTESIAN_POINT ( 'NONE',  ( 39.65656273286868583, -5.204170427930421283E-14, 12.00000000000000000 ) ) ;
#845 = CARTESIAN_POINT ( 'NONE',  ( -6.999999999999992895, 16.83321217753911370, 0.000000000000000000 ) ) ;
#846 = DIRECTION ( 'NONE',  ( 0.000000000000000000, 0.000000000000000000, 1.000000000000000000 ) ) ;
#847 = ORIENTED_EDGE ( 'NONE', *, *, #927, .T. ) ;
#848 = FACE_BOUND ( 'NONE', #1676, .T. ) ;
#849 = DIRECTION ( 'NONE',  ( 1.000000000000000000, 0.000000000000000000, 0.000000000000000000 ) ) ;
#850 = VECTOR ( 'NONE', #1038, 1000.000000000000000 ) ;
#851 = EDGE_LOOP ( 'NONE', ( #1058, #673 ) ) ;
#852 = ORIENTED_EDGE ( 'NONE', *, *, #1410, .T. ) ;
#853 = ORIENTED_EDGE ( 'NONE', *, *, #1286, .F. ) ;
#854 = ADVANCED_FACE ( 'NONE', ( #180, #1646, #2111, #2618, #170, #1069, #2873, #521, #1715, #402, #766, #1081, #848, #1510, #595, #1892, #610, #1494, #82, #2400, #2790, #2180, #371, #629, #1664, #152, #540, #1962, #1528, #1442, #1054, #2434, #2351, #100, #2125, #320, #1037, #2843 ), #2860, .F. ) ;
#855 = ADVANCED_FACE ( 'NONE', ( #1376 ), #238, .F. ) ;
#856 = CARTESIAN_POINT ( 'NONE',  ( 46.65656273286867162, 33.66642435507827003, 0.000000000000000000 ) ) ;
#857 = DIRECTION ( 'NONE',  ( -0.000000000000000000, -0.000000000000000000, 1.000000000000000000 ) ) ;
#858 = CIRCLE ( 'NONE', #2797, 6.999999999999999112 ) ;
#859 = CIRCLE ( 'NONE', #1996, 6.999999999999999112 ) ;
#860 = CARTESIAN_POINT ( 'NONE',  ( -12.82828136643431272, -25.24981826630878601, 0.000000000000000000 ) ) ;
#861 = ORIENTED_EDGE ( 'NONE', *, *, #693, .F. ) ;
#862 = CARTESIAN_POINT ( 'NONE',  ( -7.000000000000000000, 33.66642435507827003, -0.0009999999999992653654 ) ) ;
#863 = DIRECTION ( 'NONE',  ( 0.000000000000000000, 0.000000000000000000, 1.000000000000000000 ) ) ;
#864 = AXIS2_PLACEMENT_3D ( 'NONE', #884, #2029, #1134 ) ;
#865 = VERTEX_POINT ( 'NONE', #1794 ) ;
#866 = VERTEX_POINT ( 'NONE', #1581 ) ;
#867 = DIRECTION ( 'NONE',  ( 1.000000000000000000, 0.000000000000000000, 0.000000000000000000 ) ) ;
#868 = EDGE_CURVE ( 'NONE', #865, #1412, #1501, .T. ) ;
#869 = EDGE_CURVE ( 'NONE', #841, #2127, #411, .T. ) ;
#870 = AXIS2_PLACEMENT_3D ( 'NONE', #2372, #1241, #2416 ) ;
#871 = CARTESIAN_POINT ( 'NONE',  ( -66.48484409930300387, -8.416606088769624350, 12.00000000000000000 ) ) ;
#872 = CARTESIAN_POINT ( 'NONE',  ( -19.82828136643431449, -8.416606088769624350, 0.000000000000000000 ) ) ;
#873 = CARTESIAN_POINT ( 'NONE',  ( 0.000000000000000000, 33.66642435507827003, 12.00000000000000000 ) ) ;
#874 = VERTEX_POINT ( 'NONE', #1593 ) ;
#875 = CARTESIAN_POINT ( 'NONE',  ( 19.82828136643433936, 25.24981826630869008, -0.0009999999999992653654 ) ) ;
#876 = VERTEX_POINT ( 'NONE', #655 ) ;
#877 = DIRECTION ( 'NONE',  ( -0.000000000000000000, -0.000000000000000000, 1.000000000000000000 ) ) ;
#878 = DIRECTION ( 'NONE',  ( -0.000000000000000000, -0.000000000000000000, 1.000000000000000000 ) ) ;
#879 = ORIENTED_EDGE ( 'NONE', *, *, #312, .F. ) ;
#880 = ORIENTED_EDGE ( 'NONE', *, *, #2730, .T. ) ;
#881 = CARTESIAN_POINT ( 'NONE',  ( -19.82828136643431449, -8.416606088769624350, 0.000000000000000000 ) ) ;
#882 = SHAPE_DEFINITION_REPRESENTATION ( #1459, #2801 ) ;
#883 = ADVANCED_FACE ( 'NONE', ( #1329 ), #1766, .F. ) ;
#884 = CARTESIAN_POINT ( 'NONE',  ( -39.65656273286865030, -16.83321217753920251, 0.000000000000000000 ) ) ;
#885 = DIRECTION ( 'NONE',  ( -1.000000000000000000, 0.000000000000000000, 0.000000000000000000 ) ) ;
#886 = CARTESIAN_POINT ( 'NONE',  ( -59.48484409930298966, -8.416606088769624350, -0.0009999999999992653654 ) ) ;
#887 = ORIENTED_EDGE ( 'NONE', *, *, #2444, .T. ) ;
#888 = EDGE_CURVE ( 'NONE', #523, #1025, #795, .T. ) ;
#889 = CARTESIAN_POINT ( 'NONE',  ( -100.0000000000000142, 49.99999999999999289, 12.00000000000000000 ) ) ;
#890 = ORIENTED_EDGE ( 'NONE', *, *, #765, .F. ) ;
#891 = DIRECTION ( 'NONE',  ( -0.000000000000000000, -0.000000000000000000, 1.000000000000000000 ) ) ;
#892 = CYLINDRICAL_SURFACE ( 'NONE', #2219, 6.999999999999999112 ) ;
#893 = ORIENTED_EDGE ( 'NONE', *, *, #1888, .F. ) ;
#894 = ORIENTED_EDGE ( 'NONE', *, *, #1553, .F. ) ;
#895 = CYLINDRICAL_SURFACE ( 'NONE', #2, 6.999999999999999112 ) ;
#896 =( NAMED_UNIT ( * ) PLANE_ANGLE_UNIT ( ) SI_UNIT ( $, .RADIAN. ) );
#897 = CIRCLE ( 'NONE', #2783, 7.000000000000000000 ) ;
#898 = CARTESIAN_POINT ( 'NONE',  ( -46.65656273286865741, -4.424555761599383842E-14, -0.0009999999999992653654 ) ) ;
#899 = CYLINDRICAL_SURFACE ( 'NONE', #1293, 7.000000000000000000 ) ;
#900 = CIRCLE ( 'NONE', #2419, 7.000000000000006217 ) ;
#901 = ORIENTED_EDGE ( 'NONE', *, *, #692, .F. ) ;
#902 = DIRECTION ( 'NONE',  ( -0.000000000000000000, -0.000000000000000000, 1.000000000000000000 ) ) ;
#903 = AXIS2_PLACEMENT_3D ( 'NONE', #1332, #1990, #849 ) ;
#904 = EDGE_CURVE ( 'NONE', #334, #2739, #1264, .T. ) ;
#905 = EDGE_CURVE ( 'NONE', #263, #117, #2899, .T. ) ;
#906 = ORIENTED_EDGE ( 'NONE', *, *, #2810, .T. ) ;
#907 = DIRECTION ( 'NONE',  ( -0.000000000000000000, -0.000000000000000000, 1.000000000000000000 ) ) ;
#908 = DIRECTION ( 'NONE',  ( -0.000000000000000000, -0.000000000000000000, 1.000000000000000000 ) ) ;
#909 = ORIENTED_EDGE ( 'NONE', *, *, #133, .F. ) ;
#910 = VERTEX_POINT ( 'NONE', #18 ) ;
#911 = DIRECTION ( 'NONE',  ( -1.000000000000000000, 0.000000000000000000, 0.000000000000000000 ) ) ;
#912 = AXIS2_PLACEMENT_3D ( 'NONE', #1881, #1417, #326 ) ;
#913 = CIRCLE ( 'NONE', #1052, 7.000000000000000000 ) ;
#914 = CIRCLE ( 'NONE', #2193, 6.999999999999999112 ) ;
#915 = DIRECTION ( 'NONE',  ( -1.000000000000000000, 0.000000000000000000, 0.000000000000000000 ) ) ;
#916 = DIRECTION ( 'NONE',  ( -0.000000000000000000, -0.000000000000000000, 1.000000000000000000 ) ) ;
#917 = CIRCLE ( 'NONE', #119, 7.000000000000000000 ) ;
#918 = VERTEX_POINT ( 'NONE', #889 ) ;
#919 = CARTESIAN_POINT ( 'NONE',  ( -26.82828136643433226, 25.24981826630869008, -0.0009999999999992653654 ) ) ;
#920 = ORIENTED_EDGE ( 'NONE', *, *, #23, .T. ) ;
#921 = DIRECTION ( 'NONE',  ( -1.000000000000000000, 0.000000000000000000, 0.000000000000000000 ) ) ;
#922 = ADVANCED_FACE ( 'NONE', ( #2222 ), #2483, .F. ) ;
#923 = DIRECTION ( 'NONE',  ( 1.000000000000000000, 0.000000000000000000, 0.000000000000000000 ) ) ;
#924 = ORIENTED_EDGE ( 'NONE', *, *, #888, .T. ) ;
#925 = ORIENTED_EDGE ( 'NONE', *, *, #2225, .F. ) ;
#926 = CARTESIAN_POINT ( 'NONE',  ( 12.82828136643435357, -8.416606088769631455, 0.000000000000000000 ) ) ;
#927 = EDGE_CURVE ( 'NONE', #2755, #544, #505, .T. ) ;
#928 = EDGE_CURVE ( 'NONE', #1515, #19, #2693, .T. ) ;
#929 = EDGE_LOOP ( 'NONE', ( #156, #69, #2716, #2865 ) ) ;
#930 = DIRECTION ( 'NONE',  ( 0.000000000000000000, 0.000000000000000000, 1.000000000000000000 ) ) ;
#931 = DIRECTION ( 'NONE',  ( -1.000000000000000000, 0.000000000000000000, 0.000000000000000000 ) ) ;
#932 = ORIENTED_EDGE ( 'NONE', *, *, #2826, .F. ) ;
#933 = CARTESIAN_POINT ( 'NONE',  ( 79.31312546573734323, 16.83321217753910659, -0.0009999999999992653654 ) ) ;
#934 = EDGE_LOOP ( 'NONE', ( #666, #2381, #1764, #2833 ) ) ;
#935 = VECTOR ( 'NONE', #2735, 1000.000000000000000 ) ;
#936 = DIRECTION ( 'NONE',  ( -0.000000000000000000, -0.000000000000000000, 1.000000000000000000 ) ) ;
#937 = VERTEX_POINT ( 'NONE', #667 ) ;
#938 = ORIENTED_EDGE ( 'NONE', *, *, #2432, .F. ) ;
#939 = CARTESIAN_POINT ( 'NONE',  ( 66.48484409930303229, 25.24981826630869008, -0.0009999999999992653654 ) ) ;
#940 = ORIENTED_EDGE ( 'NONE', *, *, #581, .F. ) ;
#941 = EDGE_CURVE ( 'NONE', #1801, #1351, #2238, .T. ) ;
#942 = ADVANCED_FACE ( 'NONE', ( #210 ), #1110, .F. ) ;
#943 = AXIS2_PLACEMENT_3D ( 'NONE', #447, #1709, #135 ) ;
#944 = DIRECTION ( 'NONE',  ( -0.000000000000000000, -0.000000000000000000, 1.000000000000000000 ) ) ;
#945 = CARTESIAN_POINT ( 'NONE',  ( 6.938893903907228378E-15, 16.83321217753911370, -0.0009999999999992653654 ) ) ;
#946 = CYLINDRICAL_SURFACE ( 'NONE', #1620, 6.999999999999999112 ) ;
#947 = AXIS2_PLACEMENT_3D ( 'NONE', #2575, #2765, #356 ) ;
#948 = ORIENTED_EDGE ( 'NONE', *, *, #2082, .T. ) ;
#949 = DIRECTION ( 'NONE',  ( -0.000000000000000000, -0.000000000000000000, 1.000000000000000000 ) ) ;
#950 = VERTEX_POINT ( 'NONE', #2722 ) ;
#951 = CARTESIAN_POINT ( 'NONE',  ( -59.48484409930300387, 25.24981826630870430, -0.0009999999999992653654 ) ) ;
#952 = AXIS2_PLACEMENT_3D ( 'NONE', #2852, #198, #2410 ) ;
#953 = VERTEX_POINT ( 'NONE', #697 ) ;
#954 = CARTESIAN_POINT ( 'NONE',  ( -100.0000000000000142, 49.99999999999999289, 12.00000000000000000 ) ) ;
#955 = EDGE_LOOP ( 'NONE', ( #2424, #2304 ) ) ;
#956 = AXIS2_PLACEMENT_3D ( 'NONE', #2398, #2673, #1712 ) ;
#957 = CARTESIAN_POINT ( 'NONE',  ( -86.31312546573734323, -4.424555761599383842E-14, -0.0009999999999992653654 ) ) ;
#958 = DIRECTION ( 'NONE',  ( -0.000000000000000000, -0.000000000000000000, 1.000000000000000000 ) ) ;
#959 = CARTESIAN_POINT ( 'NONE',  ( -19.82828136643432870, 8.416606088769533756, 0.000000000000000000 ) ) ;
#960 = ADVANCED_FACE ( 'NONE', ( #2912 ), #1564, .F. ) ;
#961 = EDGE_CURVE ( 'NONE', #1648, #1647, #2033, .T. ) ;
#962 = AXIS2_PLACEMENT_3D ( 'NONE', #1693, #1029, #1518 ) ;
#963 = ORIENTED_EDGE ( 'NONE', *, *, #1776, .T. ) ;
#964 = DIRECTION ( 'NONE',  ( -0.000000000000000000, -0.000000000000000000, 1.000000000000000000 ) ) ;
#965 = ORIENTED_EDGE ( 'NONE', *, *, #616, .T. ) ;
#966 = CIRCLE ( 'NONE', #2199, 7.000000000000006217 ) ;
#967 = AXIS2_PLACEMENT_3D ( 'NONE', #1169, #2074, #46 ) ;
#968 = AXIS2_PLACEMENT_3D ( 'NONE', #154, #2863, #566 ) ;
#969 = ORIENTED_EDGE ( 'NONE', *, *, #1194, .F. ) ;
#970 = LINE ( 'NONE', #287, #244 ) ;
#971 = ORIENTED_EDGE ( 'NONE', *, *, #727, .T. ) ;
#972 = ORIENTED_EDGE ( 'NONE', *, *, #1411, .T. ) ;
#973 = CARTESIAN_POINT ( 'NONE',  ( -39.65656273286866451, 16.83321217753911370, -0.0009999999999992653654 ) ) ;
#974 = CARTESIAN_POINT ( 'NONE',  ( 59.48484409930301808, -25.24981826630878601, 12.00000000000000000 ) ) ;
#975 = DIRECTION ( 'NONE',  ( 0.000000000000000000, 0.000000000000000000, 1.000000000000000000 ) ) ;
#976 = ORIENTED_EDGE ( 'NONE', *, *, #1119, .F. ) ;
#977 = LINE ( 'NONE', #88, #467 ) ;
#978 = DIRECTION ( 'NONE',  ( 1.000000000000000000, 0.000000000000000000, 0.000000000000000000 ) ) ;
#979 = ORIENTED_EDGE ( 'NONE', *, *, #1120, .F. ) ;
#980 = EDGE_CURVE ( 'NONE', #2095, #2516, #139, .T. ) ;
#981 = ADVANCED_FACE ( 'NONE', ( #1902 ), #2087, .F. ) ;
#982 = ORIENTED_EDGE ( 'NONE', *, *, #2826, .T. ) ;
#983 = DIRECTION ( 'NONE',  ( 1.000000000000000000, 0.000000000000000000, 0.000000000000000000 ) ) ;
#984 = DIRECTION ( 'NONE',  ( -0.000000000000000000, -0.000000000000000000, 1.000000000000000000 ) ) ;
#985 = AXIS2_PLACEMENT_3D ( 'NONE', #833, #1734, #2634 ) ;
#986 = EDGE_LOOP ( 'NONE', ( #2405, #1652, #1486, #2913 ) ) ;
#987 = ORIENTED_EDGE ( 'NONE', *, *, #598, .T. ) ;
#988 = LINE ( 'NONE', #1190, #204 ) ;
#989 = CARTESIAN_POINT ( 'NONE',  ( 32.65656273286869293, -16.83321217753920962, 12.00000000000000000 ) ) ;
#990 = DIRECTION ( 'NONE',  ( -0.000000000000000000, -0.000000000000000000, 1.000000000000000000 ) ) ;
#991 = VECTOR ( 'NONE', #2473, 1000.000000000000000 ) ;
#992 = DIRECTION ( 'NONE',  ( -0.000000000000000000, -0.000000000000000000, 1.000000000000000000 ) ) ;
#993 = DIRECTION ( 'NONE',  ( 1.000000000000000000, 0.000000000000000000, 0.000000000000000000 ) ) ;
#994 = CIRCLE ( 'NONE', #1701, 6.999999999999999112 ) ;
#995 = VERTEX_POINT ( 'NONE', #2360 ) ;
#996 = DIRECTION ( 'NONE',  ( -0.000000000000000000, -0.000000000000000000, 1.000000000000000000 ) ) ;
#997 = EDGE_CURVE ( 'NONE', #1748, #2524, #2538, .T. ) ;
#998 = CIRCLE ( 'NONE', #2648, 6.999999999999999112 ) ;
#999 = LINE ( 'NONE', #954, #1904 ) ;
#1000 = VECTOR ( 'NONE', #1898, 1000.000000000000000 ) ;
#1001 = CIRCLE ( 'NONE', #1377, 7.000000000000000000 ) ;
#1002 = EDGE_LOOP ( 'NONE', ( #1543, #525 ) ) ;
#1003 = CIRCLE ( 'NONE', #1905, 7.000000000000006217 ) ;
#1004 = VERTEX_POINT ( 'NONE', #2781 ) ;
#1005 = LINE ( 'NONE', #2760, #17 ) ;
#1006 = DIRECTION ( 'NONE',  ( 0.000000000000000000, 0.000000000000000000, 1.000000000000000000 ) ) ;
#1007 = FACE_BOUND ( 'NONE', #173, .T. ) ;
#1008 = CIRCLE ( 'NONE', #864, 6.999999999999999112 ) ;
#1009 = DIRECTION ( 'NONE',  ( -1.000000000000000000, -0.000000000000000000, -0.000000000000000000 ) ) ;
#1010 = CYLINDRICAL_SURFACE ( 'NONE', #2475, 7.000000000000006217 ) ;
#1011 = CARTESIAN_POINT ( 'NONE',  ( 86.31312546573735744, -16.83321217753920962, 0.000000000000000000 ) ) ;
#1012 = VECTOR ( 'NONE', #190, 1000.000000000000000 ) ;
#1013 = CARTESIAN_POINT ( 'NONE',  ( -100.0000000000000142, -50.00000000000000711, 12.00000000000000000 ) ) ;
#1014 = EDGE_LOOP ( 'NONE', ( #25, #733, #2753, #1862 ) ) ;
#1015 = ORIENTED_EDGE ( 'NONE', *, *, #430, .F. ) ;
#1016 = FACE_OUTER_BOUND ( 'NONE', #2904, .T. ) ;
#1017 = CARTESIAN_POINT ( 'NONE',  ( 19.82828136643435357, 8.416606088769533756, -0.0009999999999992653654 ) ) ;
#1018 = FACE_BOUND ( 'NONE', #2878, .T. ) ;
#1019 = CARTESIAN_POINT ( 'NONE',  ( 19.82828136643435357, -8.416606088769631455, 0.000000000000000000 ) ) ;
#1020 = DIRECTION ( 'NONE',  ( -0.000000000000000000, -0.000000000000000000, 1.000000000000000000 ) ) ;
#1021 = ORIENTED_EDGE ( 'NONE', *, *, #1925, .T. ) ;
#1022 = DIRECTION ( 'NONE',  ( 1.000000000000000000, 0.000000000000000000, 0.000000000000000000 ) ) ;
#1023 = LINE ( 'NONE', #1690, #2715 ) ;
#1024 = ORIENTED_EDGE ( 'NONE', *, *, #2391, .T. ) ;
#1025 = VERTEX_POINT ( 'NONE', #2766 ) ;
#1026 = ORIENTED_EDGE ( 'NONE', *, *, #2210, .T. ) ;
#1027 = VECTOR ( 'NONE', #842, 1000.000000000000000 ) ;
#1028 = VECTOR ( 'NONE', #902, 1000.000000000000000 ) ;
#1029 = DIRECTION ( 'NONE',  ( 0.000000000000000000, 0.000000000000000000, 1.000000000000000000 ) ) ;
#1030 = CARTESIAN_POINT ( 'NONE',  ( 0.000000000000000000, 33.66642435507827003, 0.000000000000000000 ) ) ;
#1031 = CARTESIAN_POINT ( 'NONE',  ( 39.65656273286868583, -33.66642435507836950, 12.00000000000000000 ) ) ;
#1032 = EDGE_CURVE ( 'NONE', #2638, #714, #556, .T. ) ;
#1033 = EDGE_CURVE ( 'NONE', #2260, #1725, #1213, .T. ) ;
#1034 = FACE_OUTER_BOUND ( 'NONE', #1780, .T. ) ;
#1035 = DIRECTION ( 'NONE',  ( 1.000000000000000000, 0.000000000000000000, 0.000000000000000000 ) ) ;
#1036 = CIRCLE ( 'NONE', #1893, 6.999999999999999112 ) ;
#1037 = FACE_BOUND ( 'NONE', #1228, .T. ) ;
#1038 = DIRECTION ( 'NONE',  ( -0.000000000000000000, -0.000000000000000000, 1.000000000000000000 ) ) ;
#1039 = DIRECTION ( 'NONE',  ( 1.000000000000000000, 0.000000000000000000, 0.000000000000000000 ) ) ;
#1040 = VERTEX_POINT ( 'NONE', #1226 ) ;
#1041 = ORIENTED_EDGE ( 'NONE', *, *, #1070, .T. ) ;
#1042 = VERTEX_POINT ( 'NONE', #1854 ) ;
#1043 = DIRECTION ( 'NONE',  ( 0.000000000000000000, 0.000000000000000000, 1.000000000000000000 ) ) ;
#1044 = CARTESIAN_POINT ( 'NONE',  ( -66.48484409930300387, -8.416606088769624350, -0.0009999999999992653654 ) ) ;
#1045 = CARTESIAN_POINT ( 'NONE',  ( 19.82828136643435357, -8.416606088769631455, -0.0009999999999992653654 ) ) ;
#1046 = EDGE_CURVE ( 'NONE', #392, #1707, #512, .T. ) ;
#1047 = EDGE_CURVE ( 'NONE', #1610, #2545, #2778, .T. ) ;
#1048 = CARTESIAN_POINT ( 'NONE',  ( 19.82828136643435357, 8.416606088769533756, 0.000000000000000000 ) ) ;
#1049 = DIRECTION ( 'NONE',  ( 0.000000000000000000, 0.000000000000000000, 1.000000000000000000 ) ) ;
#1050 = DIRECTION ( 'NONE',  ( -0.000000000000000000, -0.000000000000000000, 1.000000000000000000 ) ) ;
#1051 = CIRCLE ( 'NONE', #1526, 6.999999999999999112 ) ;
#1052 = AXIS2_PLACEMENT_3D ( 'NONE', #1345, #2235, #151 ) ;
#1053 = ADVANCED_FACE ( 'NONE', ( #1390 ), #1418, .F. ) ;
#1054 = FACE_BOUND ( 'NONE', #456, .T. ) ;
#1055 = CARTESIAN_POINT ( 'NONE',  ( -59.48484409930300387, 8.416606088769533756, 12.00000000000000000 ) ) ;
#1056 = VECTOR ( 'NONE', #104, 1000.000000000000000 ) ;
#1057 = DIRECTION ( 'NONE',  ( 1.000000000000000000, 0.000000000000000000, 0.000000000000000000 ) ) ;
#1058 = ORIENTED_EDGE ( 'NONE', *, *, #1698, .T. ) ;
#1059 = ORIENTED_EDGE ( 'NONE', *, *, #1231, .T. ) ;
#1060 = EDGE_LOOP ( 'NONE', ( #1101, #535 ) ) ;
#1061 = VECTOR ( 'NONE', #1730, 1000.000000000000000 ) ;
#1062 = FACE_OUTER_BOUND ( 'NONE', #306, .T. ) ;
#1063 = AXIS2_PLACEMENT_3D ( 'NONE', #1246, #2378, #1292 ) ;
#1064 = FACE_BOUND ( 'NONE', #1314, .T. ) ;
#1065 = CARTESIAN_POINT ( 'NONE',  ( -19.82828136643431449, -8.416606088769624350, 12.00000000000000000 ) ) ;
#1066 = FACE_OUTER_BOUND ( 'NONE', #1148, .T. ) ;
#1067 = CARTESIAN_POINT ( 'NONE',  ( -72.31312546573732902, -4.510281037539698445E-14, 12.00000000000000000 ) ) ;
#1068 = ORIENTED_EDGE ( 'NONE', *, *, #1792, .F. ) ;
#1069 = FACE_BOUND ( 'NONE', #782, .T. ) ;
#1070 = EDGE_CURVE ( 'NONE', #2832, #1733, #2558, .T. ) ;
#1071 = ADVANCED_FACE ( 'NONE', ( #2800 ), #1637, .F. ) ;
#1072 = CARTESIAN_POINT ( 'NONE',  ( 26.82828136643435357, 8.416606088769533756, 12.00000000000000000 ) ) ;
#1073 = ORIENTED_EDGE ( 'NONE', *, *, #2678, .F. ) ;
#1074 = ORIENTED_EDGE ( 'NONE', *, *, #1604, .F. ) ;
#1075 = ORIENTED_EDGE ( 'NONE', *, *, #237, .F. ) ;
#1076 = DIRECTION ( 'NONE',  ( -0.000000000000000000, -0.000000000000000000, 1.000000000000000000 ) ) ;
#1077 = DIRECTION ( 'NONE',  ( 1.000000000000000000, 0.000000000000000000, 0.000000000000000000 ) ) ;
#1078 = DIRECTION ( 'NONE',  ( 1.000000000000000000, 0.000000000000000000, 0.000000000000000000 ) ) ;
#1079 = CARTESIAN_POINT ( 'NONE',  ( 19.82828136643435357, 8.416606088769533756, -0.0009999999999992653654 ) ) ;
#1080 = ORIENTED_EDGE ( 'NONE', *, *, #1669, .F. ) ;
#1081 = FACE_BOUND ( 'NONE', #760, .T. ) ;
#1082 = DIRECTION ( 'NONE',  ( -0.000000000000000000, -0.000000000000000000, 1.000000000000000000 ) ) ;
#1083 = EDGE_CURVE ( 'NONE', #2545, #1383, #2576, .T. ) ;
#1084 = ADVANCED_FACE ( 'NONE', ( #2118 ), #2346, .F. ) ;
#1085 = AXIS2_PLACEMENT_3D ( 'NONE', #1673, #1654, #549 ) ;
#1086 = VERTEX_POINT ( 'NONE', #498 ) ;
#1087 = ORIENTED_EDGE ( 'NONE', *, *, #501, .F. ) ;
#1088 = VERTEX_POINT ( 'NONE', #532 ) ;
#1089 = DIRECTION ( 'NONE',  ( 0.000000000000000000, 0.000000000000000000, 1.000000000000000000 ) ) ;
#1090 = DIRECTION ( 'NONE',  ( -1.000000000000000000, 0.000000000000000000, 0.000000000000000000 ) ) ;
#1091 = CARTESIAN_POINT ( 'NONE',  ( -72.31312546573732902, -4.510281037539698445E-14, 0.000000000000000000 ) ) ;
#1092 = CIRCLE ( 'NONE', #522, 7.000000000000006217 ) ;
#1093 = CARTESIAN_POINT ( 'NONE',  ( -6.999999999999979572, -33.66642435507836950, 0.000000000000000000 ) ) ;
#1094 = ORIENTED_EDGE ( 'NONE', *, *, #2909, .T. ) ;
#1095 = DIRECTION ( 'NONE',  ( -0.000000000000000000, -0.000000000000000000, 1.000000000000000000 ) ) ;
#1096 = VECTOR ( 'NONE', #829, 1000.000000000000000 ) ;
#1097 = EDGE_LOOP ( 'NONE', ( #1826, #267 ) ) ;
#1098 = CARTESIAN_POINT ( 'NONE',  ( 46.65656273286868583, -16.83321217753920962, 0.000000000000000000 ) ) ;
#1099 = CARTESIAN_POINT ( 'NONE',  ( -39.65656273286865030, -33.66642435507836950, 0.000000000000000000 ) ) ;
#1100 = VERTEX_POINT ( 'NONE', #2105 ) ;
#1101 = ORIENTED_EDGE ( 'NONE', *, *, #57, .T. ) ;
#1102 = EDGE_LOOP ( 'NONE', ( #2362, #239 ) ) ;
#1103 = DIRECTION ( 'NONE',  ( 1.000000000000000000, 0.000000000000000000, 0.000000000000000000 ) ) ;
#1104 = EDGE_CURVE ( 'NONE', #1040, #953, #2244, .T. ) ;
#1105 = ADVANCED_FACE ( 'NONE', ( #282 ), #1183, .F. ) ;
#1106 = DIRECTION ( 'NONE',  ( -1.000000000000000000, 0.000000000000000000, 0.000000000000000000 ) ) ;
#1107 = FACE_OUTER_BOUND ( 'NONE', #2639, .T. ) ;
#1108 = FACE_OUTER_BOUND ( 'NONE', #225, .T. ) ;
#1109 = ORIENTED_EDGE ( 'NONE', *, *, #904, .T. ) ;
#1110 = CYLINDRICAL_SURFACE ( 'NONE', #2308, 6.999999999999999112 ) ;
#1111 = ORIENTED_EDGE ( 'NONE', *, *, #928, .T. ) ;
#1112 = CARTESIAN_POINT ( 'NONE',  ( -46.65656273286864320, -16.83321217753920251, -0.0009999999999992653654 ) ) ;
#1113 = CARTESIAN_POINT ( 'NONE',  ( -79.31312546573732902, 16.83321217753912435, 12.00000000000000000 ) ) ;
#1114 = EDGE_LOOP ( 'NONE', ( #938, #2086, #2437, #586 ) ) ;
#1115 = EDGE_LOOP ( 'NONE', ( #1872, #1885, #661, #1109 ) ) ;
#1116 = CYLINDRICAL_SURFACE ( 'NONE', #621, 7.000000000000006217 ) ;
#1117 = DIRECTION ( 'NONE',  ( 1.000000000000000000, 0.000000000000000000, 0.000000000000000000 ) ) ;
#1118 = CARTESIAN_POINT ( 'NONE',  ( 79.31312546573734323, 16.83321217753910659, 0.000000000000000000 ) ) ;
#1119 = EDGE_CURVE ( 'NONE', #277, #1981, #1621, .T. ) ;
#1120 = EDGE_CURVE ( 'NONE', #717, #212, #1245, .T. ) ;
#1121 = ORIENTED_EDGE ( 'NONE', *, *, #2032, .T. ) ;
#1122 = AXIS2_PLACEMENT_3D ( 'NONE', #1489, #336, #1252 ) ;
#1123 = CARTESIAN_POINT ( 'NONE',  ( 79.31312546573734323, -5.204170427930421283E-14, -0.0009999999999992653654 ) ) ;
#1124 = CIRCLE ( 'NONE', #1689, 7.000000000000000000 ) ;
#1125 = ORIENTED_EDGE ( 'NONE', *, *, #2531, .F. ) ;
#1126 = CARTESIAN_POINT ( 'NONE',  ( -6.999999999999992895, 16.83321217753911370, 12.00000000000000000 ) ) ;
#1127 = LINE ( 'NONE', #1044, #564 ) ;
#1128 = VERTEX_POINT ( 'NONE', #728 ) ;
#1129 = CIRCLE ( 'NONE', #330, 6.999999999999999112 ) ;
#1130 = EDGE_LOOP ( 'NONE', ( #1807, #1769 ) ) ;
#1131 = LINE ( 'NONE', #1352, #1275 ) ;
#1132 = APPLICATION_PROTOCOL_DEFINITION ( 'draft international standard', 'automotive_design', 1998, #1326 ) ;
#1133 = AXIS2_PLACEMENT_3D ( 'NONE', #2578, #2844, #2122 ) ;
#1134 = DIRECTION ( 'NONE',  ( -1.000000000000000000, 0.000000000000000000, 0.000000000000000000 ) ) ;
#1135 = DIRECTION ( 'NONE',  ( -1.000000000000000000, 0.000000000000000000, 0.000000000000000000 ) ) ;
#1136 = CIRCLE ( 'NONE', #762, 7.000000000000006217 ) ;
#1137 = EDGE_LOOP ( 'NONE', ( #1424, #1839, #256, #909 ) ) ;
#1138 = EDGE_CURVE ( 'NONE', #80, #167, #1484, .T. ) ;
#1139 = EDGE_CURVE ( 'NONE', #2517, #1566, #1820, .T. ) ;
#1140 = CIRCLE ( 'NONE', #1756, 6.999999999999999112 ) ;
#1141 = DIRECTION ( 'NONE',  ( 0.000000000000000000, 0.000000000000000000, 1.000000000000000000 ) ) ;
#1142 = VECTOR ( 'NONE', #1082, 1000.000000000000000 ) ;
#1143 = ORIENTED_EDGE ( 'NONE', *, *, #1032, .T. ) ;
#1144 = ADVANCED_FACE ( 'NONE', ( #111 ), #594, .F. ) ;
#1145 = LINE ( 'NONE', #20, #1668 ) ;
#1146 = FILL_AREA_STYLE_COLOUR ( '', #707 ) ;
#1147 = ORIENTED_EDGE ( 'NONE', *, *, #2678, .T. ) ;
#1148 = EDGE_LOOP ( 'NONE', ( #16, #1184, #1558, #194 ) ) ;
#1149 = CARTESIAN_POINT ( 'NONE',  ( -39.65656273286865030, -16.83321217753920251, 0.000000000000000000 ) ) ;
#1150 = AXIS2_PLACEMENT_3D ( 'NONE', #1327, #1508, #650 ) ;
#1151 = DIRECTION ( 'NONE',  ( 1.000000000000000000, 0.000000000000000000, 0.000000000000000000 ) ) ;
#1152 = VERTEX_POINT ( 'NONE', #1958 ) ;
#1153 = CARTESIAN_POINT ( 'NONE',  ( 12.82828136643433936, 25.24981826630869008, 0.000000000000000000 ) ) ;
#1154 = CARTESIAN_POINT ( 'NONE',  ( -12.82828136643433403, 25.24981826630869008, -0.0009999999999992653654 ) ) ;
#1155 = VECTOR ( 'NONE', #2908, 1000.000000000000000 ) ;
#1156 = ORIENTED_EDGE ( 'NONE', *, *, #836, .T. ) ;
#1157 = DIRECTION ( 'NONE',  ( -0.000000000000000000, -0.000000000000000000, 1.000000000000000000 ) ) ;
#1158 = VERTEX_POINT ( 'NONE', #2135 ) ;
#1159 = DIRECTION ( 'NONE',  ( 1.000000000000000000, 0.000000000000000000, 0.000000000000000000 ) ) ;
#1160 = EDGE_CURVE ( 'NONE', #770, #448, #352, .T. ) ;
#1161 = ORIENTED_EDGE ( 'NONE', *, *, #1570, .F. ) ;
#1162 = EDGE_LOOP ( 'NONE', ( #1594, #568, #887, #2696 ) ) ;
#1163 = FACE_OUTER_BOUND ( 'NONE', #1137, .T. ) ;
#1164 = ORIENTED_EDGE ( 'NONE', *, *, #1569, .F. ) ;
#1165 = DIRECTION ( 'NONE',  ( 0.000000000000000000, 0.000000000000000000, 1.000000000000000000 ) ) ;
#1166 = DIRECTION ( 'NONE',  ( 1.000000000000000000, 0.000000000000000000, 0.000000000000000000 ) ) ;
#1167 = FACE_OUTER_BOUND ( 'NONE', #2580, .T. ) ;
#1168 = ORIENTED_EDGE ( 'NONE', *, *, #1211, .T. ) ;
#1169 = CARTESIAN_POINT ( 'NONE',  ( -19.82828136643431449, -25.24981826630878601, 0.000000000000000000 ) ) ;
#1170 = EDGE_LOOP ( 'NONE', ( #1791, #948, #2246, #2004 ) ) ;
#1171 = CIRCLE ( 'NONE', #40, 6.999999999999999112 ) ;
#1172 = DIRECTION ( 'NONE',  ( 1.000000000000000000, 0.000000000000000000, 0.000000000000000000 ) ) ;
#1173 = ORIENTED_EDGE ( 'NONE', *, *, #2301, .F. ) ;
#1174 = DIRECTION ( 'NONE',  ( 1.000000000000000000, 0.000000000000000000, 0.000000000000000000 ) ) ;
#1175 = ADVANCED_FACE ( 'NONE', ( #2828 ), #1010, .F. ) ;
#1176 = EDGE_CURVE ( 'NONE', #1251, #1100, #2431, .T. ) ;
#1177 = VERTEX_POINT ( 'NONE', #398 ) ;
#1178 = AXIS2_PLACEMENT_3D ( 'NONE', #2396, #878, #2629 ) ;
#1179 = CARTESIAN_POINT ( 'NONE',  ( -39.65656273286866451, 33.66642435507828424, 0.000000000000000000 ) ) ;
#1180 = CARTESIAN_POINT ( 'NONE',  ( -72.31312546573732902, 16.83321217753912435, 12.00000000000000000 ) ) ;
#1181 = DIRECTION ( 'NONE',  ( -0.000000000000000000, -0.000000000000000000, 1.000000000000000000 ) ) ;
#1182 = ORIENTED_EDGE ( 'NONE', *, *, #1392, .T. ) ;
#1183 = CYLINDRICAL_SURFACE ( 'NONE', #2342, 7.000000000000006217 ) ;
#1184 = ORIENTED_EDGE ( 'NONE', *, *, #692, .T. ) ;
#1185 = CARTESIAN_POINT ( 'NONE',  ( 12.82828136643435357, -25.24981826630878601, 0.000000000000000000 ) ) ;
#1186 = ORIENTED_EDGE ( 'NONE', *, *, #39, .F. ) ;
#1187 = FACE_OUTER_BOUND ( 'NONE', #2655, .T. ) ;
#1188 = ORIENTED_EDGE ( 'NONE', *, *, #502, .T. ) ;
#1189 = AXIS2_PLACEMENT_3D ( 'NONE', #1561, #1848, #2907 ) ;
#1190 = CARTESIAN_POINT ( 'NONE',  ( -66.48484409930301808, 25.24981826630870430, -0.0009999999999992653654 ) ) ;
#1191 = CYLINDRICAL_SURFACE ( 'NONE', #2742, 6.999999999999999112 ) ;
#1192 = CARTESIAN_POINT ( 'NONE',  ( -39.65656273286866451, -4.510281037539698445E-14, -0.0009999999999992653654 ) ) ;
#1193 = AXIS2_PLACEMENT_3D ( 'NONE', #2337, #2744, #264 ) ;
#1194 = EDGE_CURVE ( 'NONE', #1647, #117, #684, .T. ) ;
#1195 = EDGE_LOOP ( 'NONE', ( #674, #2714 ) ) ;
#1196 = DIRECTION ( 'NONE',  ( 1.000000000000000000, 0.000000000000000000, 0.000000000000000000 ) ) ;
#1197 = DIRECTION ( 'NONE',  ( -0.000000000000000000, -0.000000000000000000, 1.000000000000000000 ) ) ;
#1198 = ORIENTED_EDGE ( 'NONE', *, *, #1268, .F. ) ;
#1199 = VECTOR ( 'NONE', #1506, 1000.000000000000000 ) ;
#1200 = CIRCLE ( 'NONE', #1758, 6.999999999999999112 ) ;
#1201 = SURFACE_STYLE_FILL_AREA ( #2770 ) ;
#1202 = ORIENTED_EDGE ( 'NONE', *, *, #2432, .T. ) ;
#1203 = DIRECTION ( 'NONE',  ( 1.000000000000000000, 0.000000000000000000, 0.000000000000000000 ) ) ;
#1204 = CARTESIAN_POINT ( 'NONE',  ( -26.82828136643433581, 25.24981826630869008, 0.000000000000000000 ) ) ;
#1205 = ORIENTED_EDGE ( 'NONE', *, *, #1033, .F. ) ;
#1206 = VERTEX_POINT ( 'NONE', #2387 ) ;
#1207 = DIRECTION ( 'NONE',  ( 1.000000000000000000, 0.000000000000000000, 0.000000000000000000 ) ) ;
#1208 = DIRECTION ( 'NONE',  ( -0.000000000000000000, -0.000000000000000000, 1.000000000000000000 ) ) ;
#1209 = CARTESIAN_POINT ( 'NONE',  ( 66.48484409930303229, -8.416606088769631455, -0.0009999999999992653654 ) ) ;
#1210 = EDGE_CURVE ( 'NONE', #584, #2253, #1943, .T. ) ;
#1211 = EDGE_CURVE ( 'NONE', #1660, #874, #211, .T. ) ;
#1212 = DIRECTION ( 'NONE',  ( -1.000000000000000000, 0.000000000000000000, 0.000000000000000000 ) ) ;
#1213 = LINE ( 'NONE', #775, #749 ) ;
#1214 = ORIENTED_EDGE ( 'NONE', *, *, #1211, .F. ) ;
#1215 = CARTESIAN_POINT ( 'NONE',  ( -100.0000000000000142, 49.99999999999999289, 12.00000000000000000 ) ) ;
#1216 = VERTEX_POINT ( 'NONE', #624 ) ;
#1217 = DIRECTION ( 'NONE',  ( 0.000000000000000000, 0.000000000000000000, 1.000000000000000000 ) ) ;
#1218 = CARTESIAN_POINT ( 'NONE',  ( 99.99999999999998579, -50.00000000000000711, 12.00000000000000000 ) ) ;
#1219 = ORIENTED_EDGE ( 'NONE', *, *, #1231, .F. ) ;
#1220 = ORIENTED_EDGE ( 'NONE', *, *, #745, .F. ) ;
#1221 = CARTESIAN_POINT ( 'NONE',  ( -52.48484409930298966, -8.416606088769624350, -0.0009999999999992653654 ) ) ;
#1222 = DIRECTION ( 'NONE',  ( 1.000000000000000000, 0.000000000000000000, 0.000000000000000000 ) ) ;
#1223 = FACE_BOUND ( 'NONE', #2656, .T. ) ;
#1224 = AXIS2_PLACEMENT_3D ( 'NONE', #2682, #2022, #146 ) ;
#1225 = CARTESIAN_POINT ( 'NONE',  ( -86.31312546573732902, -16.83321217753920251, 0.000000000000000000 ) ) ;
#1226 = CARTESIAN_POINT ( 'NONE',  ( 72.31312546573734323, -16.83321217753920962, 12.00000000000000000 ) ) ;
#1227 = VECTOR ( 'NONE', #511, 1000.000000000000000 ) ;
#1228 = EDGE_LOOP ( 'NONE', ( #2514, #631 ) ) ;
#1229 = DIRECTION ( 'NONE',  ( 1.000000000000000000, 0.000000000000000000, 0.000000000000000000 ) ) ;
#1230 = EDGE_CURVE ( 'NONE', #1206, #301, #830, .T. ) ;
#1231 = EDGE_CURVE ( 'NONE', #2511, #277, #2586, .T. ) ;
#1232 = LINE ( 'NONE', #1013, #477 ) ;
#1233 = VECTOR ( 'NONE', #1441, 1000.000000000000000 ) ;
#1234 = ORIENTED_EDGE ( 'NONE', *, *, #1978, .T. ) ;
#1235 = ORIENTED_EDGE ( 'NONE', *, *, #836, .F. ) ;
#1236 = DIRECTION ( 'NONE',  ( -0.000000000000000000, -0.000000000000000000, 1.000000000000000000 ) ) ;
#1237 = CARTESIAN_POINT ( 'NONE',  ( 59.48484409930301808, -8.416606088769631455, -0.0009999999999992653654 ) ) ;
#1238 = CYLINDRICAL_SURFACE ( 'NONE', #2650, 7.000000000000006217 ) ;
#1239 = CIRCLE ( 'NONE', #2234, 6.999999999999999112 ) ;
#1240 = CARTESIAN_POINT ( 'NONE',  ( 46.65656273286868583, -16.83321217753920962, 12.00000000000000000 ) ) ;
#1241 = DIRECTION ( 'NONE',  ( 0.000000000000000000, 0.000000000000000000, 1.000000000000000000 ) ) ;
#1242 = VERTEX_POINT ( 'NONE', #845 ) ;
#1243 = CARTESIAN_POINT ( 'NONE',  ( -19.82828136643433226, 25.24981826630869008, -0.0009999999999992653654 ) ) ;
#1244 = AXIS2_PLACEMENT_3D ( 'NONE', #738, #292, #44 ) ;
#1245 = CIRCLE ( 'NONE', #967, 6.999999999999999112 ) ;
#1246 = CARTESIAN_POINT ( 'NONE',  ( -59.48484409930300387, 25.24981826630870430, 0.000000000000000000 ) ) ;
#1247 = EDGE_CURVE ( 'NONE', #2024, #1042, #1524, .T. ) ;
#1248 = EDGE_CURVE ( 'NONE', #2186, #2456, #1437, .T. ) ;
#1249 = ORIENTED_EDGE ( 'NONE', *, *, #2198, .F. ) ;
#1250 = VERTEX_POINT ( 'NONE', #1284 ) ;
#1251 = VERTEX_POINT ( 'NONE', #2632 ) ;
#1252 = DIRECTION ( 'NONE',  ( 1.000000000000000000, 0.000000000000000000, 0.000000000000000000 ) ) ;
#1253 = DIRECTION ( 'NONE',  ( -0.000000000000000000, -0.000000000000000000, 1.000000000000000000 ) ) ;
#1254 = CARTESIAN_POINT ( 'NONE',  ( 0.000000000000000000, 0.000000000000000000, 0.000000000000000000 ) ) ;
#1255 = DIRECTION ( 'NONE',  ( -0.000000000000000000, -0.000000000000000000, 1.000000000000000000 ) ) ;
#1256 = CARTESIAN_POINT ( 'NONE',  ( 59.48484409930301808, -8.416606088769631455, 12.00000000000000000 ) ) ;
#1257 = CARTESIAN_POINT ( 'NONE',  ( 86.31312546573735744, -5.204170427930421283E-14, 12.00000000000000000 ) ) ;
#1258 = FACE_OUTER_BOUND ( 'NONE', #726, .T. ) ;
#1259 = ORIENTED_EDGE ( 'NONE', *, *, #116, .T. ) ;
#1260 = EDGE_LOOP ( 'NONE', ( #861, #199, #129, #1416 ) ) ;
#1261 = ADVANCED_FACE ( 'NONE', ( #1066 ), #2151, .F. ) ;
#1262 = ORIENTED_EDGE ( 'NONE', *, *, #2444, .F. ) ;
#1263 = ADVANCED_FACE ( 'NONE', ( #1478 ), #2841, .F. ) ;
#1264 = CIRCLE ( 'NONE', #1308, 6.999999999999999112 ) ;
#1265 = DIRECTION ( 'NONE',  ( -0.000000000000000000, -0.000000000000000000, 1.000000000000000000 ) ) ;
#1266 = CYLINDRICAL_SURFACE ( 'NONE', #1178, 6.999999999999999112 ) ;
#1267 = DIRECTION ( 'NONE',  ( 1.000000000000000000, 0.000000000000000000, 0.000000000000000000 ) ) ;
#1268 = EDGE_CURVE ( 'NONE', #585, #2258, #1270, .T. ) ;
#1269 = DIRECTION ( 'NONE',  ( 0.000000000000000000, 0.000000000000000000, 1.000000000000000000 ) ) ;
#1270 = LINE ( 'NONE', #2177, #588 ) ;
#1271 = CIRCLE ( 'NONE', #943, 6.999999999999999112 ) ;
#1272 = DIRECTION ( 'NONE',  ( 1.000000000000000000, 0.000000000000000000, 0.000000000000000000 ) ) ;
#1273 = CARTESIAN_POINT ( 'NONE',  ( 72.31312546573734323, -16.83321217753920962, 0.000000000000000000 ) ) ;
#1274 = CARTESIAN_POINT ( 'NONE',  ( -19.82828136643431449, -8.416606088769624350, -0.0009999999999992653654 ) ) ;
#1275 = VECTOR ( 'NONE', #1818, 1000.000000000000000 ) ;
#1276 = ORIENTED_EDGE ( 'NONE', *, *, #2876, .T. ) ;
#1277 = ORIENTED_EDGE ( 'NONE', *, *, #1230, .T. ) ;
#1278 = EDGE_LOOP ( 'NONE', ( #1783, #790 ) ) ;
#1279 = CIRCLE ( 'NONE', #7, 6.999999999999999112 ) ;
#1280 = CARTESIAN_POINT ( 'NONE',  ( 2.081668171172168513E-14, -33.66642435507836950, 12.00000000000000000 ) ) ;
#1281 = FACE_BOUND ( 'NONE', #2331, .T. ) ;
#1282 = CIRCLE ( 'NONE', #903, 7.000000000000006217 ) ;
#1283 = DIRECTION ( 'NONE',  ( 1.000000000000000000, 0.000000000000000000, 0.000000000000000000 ) ) ;
#1284 = CARTESIAN_POINT ( 'NONE',  ( 32.65656273286869293, -5.118445151990106680E-14, 0.000000000000000000 ) ) ;
#1285 = EDGE_CURVE ( 'NONE', #1923, #1216, #2519, .T. ) ;
#1286 = EDGE_CURVE ( 'NONE', #2520, #1088, #2617, .T. ) ;
#1287 = DIRECTION ( 'NONE',  ( 1.000000000000000000, 0.000000000000000000, 0.000000000000000000 ) ) ;
#1288 = CIRCLE ( 'NONE', #956, 7.000000000000006217 ) ;
#1289 = AXIS2_PLACEMENT_3D ( 'NONE', #2455, #1050, #2647 ) ;
#1290 = FACE_OUTER_BOUND ( 'NONE', #514, .T. ) ;
#1291 = AXIS2_PLACEMENT_3D ( 'NONE', #1632, #785, #323 ) ;
#1292 = DIRECTION ( 'NONE',  ( -1.000000000000000000, 0.000000000000000000, 0.000000000000000000 ) ) ;
#1293 = AXIS2_PLACEMENT_3D ( 'NONE', #1591, #234, #206 ) ;
#1294 = ORIENTED_EDGE ( 'NONE', *, *, #1669, .T. ) ;
#1295 = ORIENTED_EDGE ( 'NONE', *, *, #2106, .T. ) ;
#1296 = ORIENTED_EDGE ( 'NONE', *, *, #1070, .F. ) ;
#1297 = CARTESIAN_POINT ( 'NONE',  ( 2.081668171172168513E-14, -33.66642435507836950, -0.0009999999999992653654 ) ) ;
#1298 = CARTESIAN_POINT ( 'NONE',  ( 32.65656273286867872, 33.66642435507827003, -0.0009999999999992653654 ) ) ;
#1299 = CARTESIAN_POINT ( 'NONE',  ( 79.31312546573734323, 16.83321217753910659, 0.000000000000000000 ) ) ;
#1300 = CARTESIAN_POINT ( 'NONE',  ( 12.82828136643435535, 8.416606088769533756, -0.0009999999999992653654 ) ) ;
#1301 = EDGE_CURVE ( 'NONE', #2516, #2095, #2292, .T. ) ;
#1302 = EDGE_CURVE ( 'NONE', #2709, #2859, #2030, .T. ) ;
#1303 = CARTESIAN_POINT ( 'NONE',  ( -19.82828136643432870, 8.416606088769533756, 0.000000000000000000 ) ) ;
#1304 = DIRECTION ( 'NONE',  ( -1.000000000000000000, 0.000000000000000000, 0.000000000000000000 ) ) ;
#1305 = ORIENTED_EDGE ( 'NONE', *, *, #2265, .T. ) ;
#1306 = ORIENTED_EDGE ( 'NONE', *, *, #381, .T. ) ;
#1307 = DIRECTION ( 'NONE',  ( -0.000000000000000000, -0.000000000000000000, 1.000000000000000000 ) ) ;
#1308 = AXIS2_PLACEMENT_3D ( 'NONE', #1551, #2063, #2047 ) ;
#1309 = CARTESIAN_POINT ( 'NONE',  ( 39.65656273286868583, -33.66642435507836950, -0.0009999999999992653654 ) ) ;
#1310 = DIRECTION ( 'NONE',  ( 0.000000000000000000, 0.000000000000000000, 1.000000000000000000 ) ) ;
#1311 = CYLINDRICAL_SURFACE ( 'NONE', #2705, 7.000000000000000000 ) ;
#1312 = ORIENTED_EDGE ( 'NONE', *, *, #1604, .T. ) ;
#1313 = CARTESIAN_POINT ( 'NONE',  ( 32.65656273286869293, 16.83321217753911370, -0.0009999999999992653654 ) ) ;
#1314 = EDGE_LOOP ( 'NONE', ( #1408, #1612 ) ) ;
#1315 = DIRECTION ( 'NONE',  ( -0.000000000000000000, -0.000000000000000000, 1.000000000000000000 ) ) ;
#1316 = AXIS2_PLACEMENT_3D ( 'NONE', #1055, #1906, #1022 ) ;
#1317 = CARTESIAN_POINT ( 'NONE',  ( 52.48484409930301808, -25.24981826630878601, 12.00000000000000000 ) ) ;
#1318 = EDGE_CURVE ( 'NONE', #2253, #2018, #2291, .T. ) ;
#1319 = CIRCLE ( 'NONE', #947, 7.000000000000006217 ) ;
#1320 = VERTEX_POINT ( 'NONE', #453 ) ;
#1321 = VERTEX_POINT ( 'NONE', #664 ) ;
#1322 = EDGE_LOOP ( 'NONE', ( #1936, #2791 ) ) ;
#1323 = CARTESIAN_POINT ( 'NONE',  ( 19.82828136643435357, -25.24981826630878601, -0.0009999999999992653654 ) ) ;
#1324 = DIRECTION ( 'NONE',  ( 1.000000000000000000, 0.000000000000000000, 0.000000000000000000 ) ) ;
#1325 = VECTOR ( 'NONE', #737, 1000.000000000000000 ) ;
#1326 = APPLICATION_CONTEXT ( 'automotive_design' ) ;
#1327 = CARTESIAN_POINT ( 'NONE',  ( -79.31312546573732902, -4.510281037539698445E-14, 12.00000000000000000 ) ) ;
#1328 = ORIENTED_EDGE ( 'NONE', *, *, #1642, .T. ) ;
#1329 = FACE_OUTER_BOUND ( 'NONE', #208, .T. ) ;
#1330 = AXIS2_PLACEMENT_3D ( 'NONE', #1065, #2217, #2631 ) ;
#1331 = EDGE_LOOP ( 'NONE', ( #2299, #2054, #1182, #2773 ) ) ;
#1332 = CARTESIAN_POINT ( 'NONE',  ( 79.31312546573734323, 16.83321217753910659, 12.00000000000000000 ) ) ;
#1333 = CIRCLE ( 'NONE', #1193, 6.999999999999999112 ) ;
#1334 = CARTESIAN_POINT ( 'NONE',  ( 79.31312546573734323, -16.83321217753920962, -0.0009999999999992653654 ) ) ;
#1335 = ORIENTED_EDGE ( 'NONE', *, *, #2159, .T. ) ;
#1336 = ORIENTED_EDGE ( 'NONE', *, *, #1139, .F. ) ;
#1337 = CYLINDRICAL_SURFACE ( 'NONE', #1513, 7.000000000000000000 ) ;
#1338 = ADVANCED_FACE ( 'NONE', ( #2045 ), #899, .F. ) ;
#1339 = ADVANCED_FACE ( 'NONE', ( #1107 ), #1562, .F. ) ;
#1340 = VECTOR ( 'NONE', #1355, 1000.000000000000000 ) ;
#1341 = VECTOR ( 'NONE', #1197, 1000.000000000000000 ) ;
#1342 = CIRCLE ( 'NONE', #1063, 7.000000000000006217 ) ;
#1343 = DIRECTION ( 'NONE',  ( -1.000000000000000000, 0.000000000000000000, 0.000000000000000000 ) ) ;
#1344 = LINE ( 'NONE', #1535, #1340 ) ;
#1345 = CARTESIAN_POINT ( 'NONE',  ( 6.938893903907228378E-15, 16.83321217753911370, 12.00000000000000000 ) ) ;
#1346 = DIRECTION ( 'NONE',  ( 1.000000000000000000, 0.000000000000000000, 0.000000000000000000 ) ) ;
#1347 = EDGE_LOOP ( 'NONE', ( #245, #2502, #1890, #972 ) ) ;
#1348 = CARTESIAN_POINT ( 'NONE',  ( 7.000000000000021316, -16.83321217753920962, -0.0009999999999992653654 ) ) ;
#1349 = DIRECTION ( 'NONE',  ( -0.000000000000000000, -0.000000000000000000, 1.000000000000000000 ) ) ;
#1350 = ORIENTED_EDGE ( 'NONE', *, *, #168, .T. ) ;
#1351 = VERTEX_POINT ( 'NONE', #2661 ) ;
#1352 = CARTESIAN_POINT ( 'NONE',  ( 99.99999999999998579, -50.00000000000000711, 0.000000000000000000 ) ) ;
#1353 = EDGE_CURVE ( 'NONE', #755, #554, #1806, .T. ) ;
#1354 = DIRECTION ( 'NONE',  ( 1.000000000000000000, 0.000000000000000000, 0.000000000000000000 ) ) ;
#1355 = DIRECTION ( 'NONE',  ( -0.000000000000000000, -0.000000000000000000, 1.000000000000000000 ) ) ;
#1356 = EDGE_CURVE ( 'NONE', #2511, #2281, #66, .T. ) ;
#1357 = EDGE_CURVE ( 'NONE', #144, #584, #779, .T. ) ;
#1358 = ORIENTED_EDGE ( 'NONE', *, *, #2620, .F. ) ;
#1359 = CARTESIAN_POINT ( 'NONE',  ( -32.65656273286865030, -16.83321217753920251, -0.0009999999999992653654 ) ) ;
#1360 = ORIENTED_EDGE ( 'NONE', *, *, #1888, .T. ) ;
#1361 = CYLINDRICAL_SURFACE ( 'NONE', #1658, 7.000000000000006217 ) ;
#1362 = CYLINDRICAL_SURFACE ( 'NONE', #1597, 7.000000000000000000 ) ;
#1363 = ORIENTED_EDGE ( 'NONE', *, *, #639, .T. ) ;
#1364 = CIRCLE ( 'NONE', #1507, 7.000000000000006217 ) ;
#1365 = EDGE_LOOP ( 'NONE', ( #2496, #794, #1378, #971 ) ) ;
#1366 = DIRECTION ( 'NONE',  ( -1.000000000000000000, 0.000000000000000000, 0.000000000000000000 ) ) ;
#1367 =( LENGTH_UNIT ( ) NAMED_UNIT ( * ) SI_UNIT ( .MILLI., .METRE. ) );
#1368 = CIRCLE ( 'NONE', #97, 6.999999999999999112 ) ;
#1369 = ORIENTED_EDGE ( 'NONE', *, *, #904, .F. ) ;
#1370 = DIRECTION ( 'NONE',  ( -0.000000000000000000, -0.000000000000000000, 1.000000000000000000 ) ) ;
#1371 = DIRECTION ( 'NONE',  ( -1.000000000000000000, 0.000000000000000000, 0.000000000000000000 ) ) ;
#1372 = VECTOR ( 'NONE', #720, 1000.000000000000000 ) ;
#1373 = ORIENTED_EDGE ( 'NONE', *, *, #400, .T. ) ;
#1374 = EDGE_CURVE ( 'NONE', #1396, #1412, #649, .T. ) ;
#1375 = AXIS2_PLACEMENT_3D ( 'NONE', #395, #620, #1743 ) ;
#1376 = FACE_OUTER_BOUND ( 'NONE', #2075, .T. ) ;
#1377 = AXIS2_PLACEMENT_3D ( 'NONE', #2155, #171, #1039 ) ;
#1378 = ORIENTED_EDGE ( 'NONE', *, *, #1353, .T. ) ;
#1379 = EDGE_LOOP ( 'NONE', ( #418, #1068 ) ) ;
#1380 = ORIENTED_EDGE ( 'NONE', *, *, #869, .F. ) ;
#1381 = CARTESIAN_POINT ( 'NONE',  ( -100.0000000000000142, -50.00000000000000711, 12.00000000000000000 ) ) ;
#1382 = VECTOR ( 'NONE', #1863, 1000.000000000000000 ) ;
#1383 = VERTEX_POINT ( 'NONE', #423 ) ;
#1384 = CARTESIAN_POINT ( 'NONE',  ( 39.65656273286868583, -33.66642435507836950, 0.000000000000000000 ) ) ;
#1385 = DIRECTION ( 'NONE',  ( 1.000000000000000000, 0.000000000000000000, 0.000000000000000000 ) ) ;
#1386 = DIRECTION ( 'NONE',  ( -0.000000000000000000, -0.000000000000000000, 1.000000000000000000 ) ) ;
#1387 = VECTOR ( 'NONE', #2510, 1000.000000000000000 ) ;
#1388 = VECTOR ( 'NONE', #2751, 1000.000000000000000 ) ;
#1389 = EDGE_LOOP ( 'NONE', ( #567, #1714 ) ) ;
#1390 = FACE_OUTER_BOUND ( 'NONE', #143, .T. ) ;
#1391 = EDGE_CURVE ( 'NONE', #1088, #2520, #1918, .T. ) ;
#1392 = EDGE_CURVE ( 'NONE', #448, #1966, #681, .T. ) ;
#1393 = EDGE_LOOP ( 'NONE', ( #763, #1638 ) ) ;
#1394 = DIRECTION ( 'NONE',  ( -0.000000000000000000, -0.000000000000000000, 1.000000000000000000 ) ) ;
#1395 = ORIENTED_EDGE ( 'NONE', *, *, #961, .F. ) ;
#1396 = VERTEX_POINT ( 'NONE', #695 ) ;
#1397 = CYLINDRICAL_SURFACE ( 'NONE', #2889, 6.999999999999999112 ) ;
#1398 = VERTEX_POINT ( 'NONE', #2481 ) ;
#1399 = CARTESIAN_POINT ( 'NONE',  ( 7.000000000000000000, 33.66642435507827003, 12.00000000000000000 ) ) ;
#1400 = CYLINDRICAL_SURFACE ( 'NONE', #2284, 6.999999999999999112 ) ;
#1401 = LINE ( 'NONE', #1154, #209 ) ;
#1402 = ORIENTED_EDGE ( 'NONE', *, *, #2490, .F. ) ;
#1403 = CARTESIAN_POINT ( 'NONE',  ( 79.31312546573734323, -16.83321217753920962, 12.00000000000000000 ) ) ;
#1404 = VERTEX_POINT ( 'NONE', #177 ) ;
#1405 =( GEOMETRIC_REPRESENTATION_CONTEXT ( 3 ) GLOBAL_UNCERTAINTY_ASSIGNED_CONTEXT ( ( #1731 ) ) GLOBAL_UNIT_ASSIGNED_CONTEXT ( ( #1367, #896, #2687 ) ) REPRESENTATION_CONTEXT ( 'NONE', 'WORKASPACE' ) );
#1406 = VECTOR ( 'NONE', #1423, 1000.000000000000000 ) ;
#1407 = EDGE_CURVE ( 'NONE', #263, #1648, #1768, .T. ) ;
#1408 = ORIENTED_EDGE ( 'NONE', *, *, #2764, .T. ) ;
#1409 = CARTESIAN_POINT ( 'NONE',  ( 59.48484409930301808, -25.24981826630878601, -0.0009999999999992653654 ) ) ;
#1410 = EDGE_CURVE ( 'NONE', #454, #543, #1344, .T. ) ;
#1411 = EDGE_CURVE ( 'NONE', #92, #517, #2895, .T. ) ;
#1412 = VERTEX_POINT ( 'NONE', #221 ) ;
#1413 = CARTESIAN_POINT ( 'NONE',  ( 79.31312546573734323, 16.83321217753910659, 12.00000000000000000 ) ) ;
#1414 = DIRECTION ( 'NONE',  ( -0.000000000000000000, -0.000000000000000000, 1.000000000000000000 ) ) ;
#1415 = DIRECTION ( 'NONE',  ( 0.000000000000000000, 0.000000000000000000, 1.000000000000000000 ) ) ;
#1416 = ORIENTED_EDGE ( 'NONE', *, *, #1961, .T. ) ;
#1417 = DIRECTION ( 'NONE',  ( -0.000000000000000000, -0.000000000000000000, 1.000000000000000000 ) ) ;
#1418 = CYLINDRICAL_SURFACE ( 'NONE', #488, 7.000000000000006217 ) ;
#1419 = ORIENTED_EDGE ( 'NONE', *, *, #2316, .F. ) ;
#1420 = DIRECTION ( 'NONE',  ( 0.000000000000000000, 0.000000000000000000, 1.000000000000000000 ) ) ;
#1421 = VERTEX_POINT ( 'NONE', #1091 ) ;
#1422 = DIRECTION ( 'NONE',  ( 0.000000000000000000, 0.000000000000000000, 1.000000000000000000 ) ) ;
#1423 = DIRECTION ( 'NONE',  ( -0.000000000000000000, -0.000000000000000000, 1.000000000000000000 ) ) ;
#1424 = ORIENTED_EDGE ( 'NONE', *, *, #927, .F. ) ;
#1425 = ORIENTED_EDGE ( 'NONE', *, *, #1046, .F. ) ;
#1426 = EDGE_CURVE ( 'NONE', #1206, #910, #442, .T. ) ;
#1427 = CIRCLE ( 'NONE', #1954, 7.000000000000006217 ) ;
#1428 = AXIS2_PLACEMENT_3D ( 'NONE', #1079, #2468, #1287 ) ;
#1429 = CARTESIAN_POINT ( 'NONE',  ( 6.938893903907228378E-15, 16.83321217753911370, 0.000000000000000000 ) ) ;
#1430 = LINE ( 'NONE', #337, #1000 ) ;
#1431 = CARTESIAN_POINT ( 'NONE',  ( -39.65656273286865030, -33.66642435507836950, 12.00000000000000000 ) ) ;
#1432 = AXIS2_PLACEMENT_3D ( 'NONE', #175, #1726, #2822 ) ;
#1433 = ORIENTED_EDGE ( 'NONE', *, *, #1589, .T. ) ;
#1434 = CARTESIAN_POINT ( 'NONE',  ( -86.31312546573734323, 16.83321217753912435, 12.00000000000000000 ) ) ;
#1435 = CARTESIAN_POINT ( 'NONE',  ( -79.31312546573732902, -4.510281037539698445E-14, -0.0009999999999992653654 ) ) ;
#1436 = ORIENTED_EDGE ( 'NONE', *, *, #1684, .F. ) ;
#1437 = CIRCLE ( 'NONE', #870, 7.000000000000006217 ) ;
#1438 = CIRCLE ( 'NONE', #2476, 7.000000000000006217 ) ;
#1439 = DIRECTION ( 'NONE',  ( -0.000000000000000000, -0.000000000000000000, 1.000000000000000000 ) ) ;
#1440 = ORIENTED_EDGE ( 'NONE', *, *, #1302, .F. ) ;
#1441 = DIRECTION ( 'NONE',  ( -0.000000000000000000, -0.000000000000000000, 1.000000000000000000 ) ) ;
#1442 = FACE_BOUND ( 'NONE', #2067, .T. ) ;
#1443 = EDGE_LOOP ( 'NONE', ( #2112, #2008, #1487, #1988 ) ) ;
#1444 = ORIENTED_EDGE ( 'NONE', *, *, #765, .T. ) ;
#1445 = DIRECTION ( 'NONE',  ( 1.000000000000000000, 0.000000000000000000, 0.000000000000000000 ) ) ;
#1446 = DIRECTION ( 'NONE',  ( -0.000000000000000000, -0.000000000000000000, 1.000000000000000000 ) ) ;
#1447 = FACE_BOUND ( 'NONE', #1389, .T. ) ;
#1448 = EDGE_CURVE ( 'NONE', #293, #841, #1483, .T. ) ;
#1449 = DIRECTION ( 'NONE',  ( 1.000000000000000000, 0.000000000000000000, 0.000000000000000000 ) ) ;
#1450 = DIRECTION ( 'NONE',  ( -0.000000000000000000, -0.000000000000000000, 1.000000000000000000 ) ) ;
#1451 = EDGE_CURVE ( 'NONE', #1004, #2343, #2339, .T. ) ;
#1452 = ORIENTED_EDGE ( 'NONE', *, *, #1119, .T. ) ;
#1453 = CARTESIAN_POINT ( 'NONE',  ( 59.48484409930301808, -8.416606088769631455, -0.0009999999999992653654 ) ) ;
#1454 = AXIS2_PLACEMENT_3D ( 'NONE', #1123, #1157, #1779 ) ;
#1455 = DIRECTION ( 'NONE',  ( -1.000000000000000000, 0.000000000000000000, 0.000000000000000000 ) ) ;
#1456 = CIRCLE ( 'NONE', #1122, 6.999999999999999112 ) ;
#1457 = EDGE_LOOP ( 'NONE', ( #1436, #979, #1147, #1680 ) ) ;
#1458 = EDGE_LOOP ( 'NONE', ( #70, #2288, #1937, #2275 ) ) ;
#1459 = PRODUCT_DEFINITION_SHAPE ( 'NONE', 'NONE',  #668 ) ;
#1460 = CARTESIAN_POINT ( 'NONE',  ( 39.65656273286868583, -5.204170427930421283E-14, 12.00000000000000000 ) ) ;
#1461 = CARTESIAN_POINT ( 'NONE',  ( -39.65656273286866451, -4.510281037539698445E-14, 0.000000000000000000 ) ) ;
#1462 = DIRECTION ( 'NONE',  ( 0.000000000000000000, 0.000000000000000000, 1.000000000000000000 ) ) ;
#1463 = CIRCLE ( 'NONE', #1316, 6.999999999999999112 ) ;
#1464 = FACE_OUTER_BOUND ( 'NONE', #2273, .T. ) ;
#1465 = CARTESIAN_POINT ( 'NONE',  ( 12.82828136643435535, -25.24981826630878601, -0.0009999999999992653654 ) ) ;
#1466 = CIRCLE ( 'NONE', #2271, 6.999999999999999112 ) ;
#1467 = EDGE_CURVE ( 'NONE', #660, #2721, #2061, .T. ) ;
#1468 = CARTESIAN_POINT ( 'NONE',  ( 12.82828136643435535, -8.416606088769631455, -0.0009999999999992653654 ) ) ;
#1469 = DIRECTION ( 'NONE',  ( -0.000000000000000000, -0.000000000000000000, 1.000000000000000000 ) ) ;
#1470 = CIRCLE ( 'NONE', #195, 6.999999999999999112 ) ;
#1471 = EDGE_LOOP ( 'NONE', ( #2692, #1360 ) ) ;
#1472 = ORIENTED_EDGE ( 'NONE', *, *, #2490, .T. ) ;
#1473 = DIRECTION ( 'NONE',  ( -0.000000000000000000, -0.000000000000000000, 1.000000000000000000 ) ) ;
#1474 = CARTESIAN_POINT ( 'NONE',  ( -86.31312546573734323, -4.424555761599383842E-14, 0.000000000000000000 ) ) ;
#1475 = FACE_BOUND ( 'NONE', #321, .T. ) ;
#1476 = AXIS2_PLACEMENT_3D ( 'NONE', #2480, #1370, #2071 ) ;
#1477 = CYLINDRICAL_SURFACE ( 'NONE', #2414, 6.999999999999999112 ) ;
#1478 = FACE_OUTER_BOUND ( 'NONE', #2741, .T. ) ;
#1479 = ORIENTED_EDGE ( 'NONE', *, *, #400, .F. ) ;
#1480 = DIRECTION ( 'NONE',  ( 0.000000000000000000, -1.000000000000000000, 0.000000000000000000 ) ) ;
#1481 = EDGE_CURVE ( 'NONE', #2725, #1598, #917, .T. ) ;
#1482 = EDGE_CURVE ( 'NONE', #1216, #2517, #2762, .T. ) ;
#1483 = CIRCLE ( 'NONE', #2101, 6.999999999999999112 ) ;
#1484 = CIRCLE ( 'NONE', #2009, 6.999999999999999112 ) ;
#1485 = DIRECTION ( 'NONE',  ( 1.000000000000000000, 0.000000000000000000, 0.000000000000000000 ) ) ;
#1486 = ORIENTED_EDGE ( 'NONE', *, *, #575, .T. ) ;
#1487 = ORIENTED_EDGE ( 'NONE', *, *, #1046, .T. ) ;
#1488 = ORIENTED_EDGE ( 'NONE', *, *, #2210, .F. ) ;
#1489 = CARTESIAN_POINT ( 'NONE',  ( 39.65656273286868583, -16.83321217753920962, 12.00000000000000000 ) ) ;
#1490 = CARTESIAN_POINT ( 'NONE',  ( 72.31312546573734323, 16.83321217753910659, -0.0009999999999992653654 ) ) ;
#1491 = PLANE ( 'NONE',  #53 ) ;
#1492 = CARTESIAN_POINT ( 'NONE',  ( 39.65656273286868583, -16.83321217753920962, 0.000000000000000000 ) ) ;
#1493 = DIRECTION ( 'NONE',  ( -0.000000000000000000, -0.000000000000000000, 1.000000000000000000 ) ) ;
#1494 = FACE_BOUND ( 'NONE', #1616, .T. ) ;
#1495 = LINE ( 'NONE', #2560, #1696 ) ;
#1496 = DIRECTION ( 'NONE',  ( -1.000000000000000000, 0.000000000000000000, 0.000000000000000000 ) ) ;
#1497 = ORIENTED_EDGE ( 'NONE', *, *, #727, .F. ) ;
#1498 = ORIENTED_EDGE ( 'NONE', *, *, #2527, .T. ) ;
#1499 = ORIENTED_EDGE ( 'NONE', *, *, #2621, .F. ) ;
#1500 = ADVANCED_FACE ( 'NONE', ( #87 ), #529, .F. ) ;
#1501 = CIRCLE ( 'NONE', #699, 6.999999999999999112 ) ;
#1502 = FACE_OUTER_BOUND ( 'NONE', #98, .T. ) ;
#1503 = CARTESIAN_POINT ( 'NONE',  ( 46.65656273286868583, -33.66642435507836950, -0.0009999999999992653654 ) ) ;
#1504 = FACE_BOUND ( 'NONE', #657, .T. ) ;
#1505 = DIRECTION ( 'NONE',  ( 0.000000000000000000, 0.000000000000000000, 1.000000000000000000 ) ) ;
#1506 = DIRECTION ( 'NONE',  ( -0.000000000000000000, -0.000000000000000000, 1.000000000000000000 ) ) ;
#1507 = AXIS2_PLACEMENT_3D ( 'NONE', #671, #1253, #659 ) ;
#1508 = DIRECTION ( 'NONE',  ( 0.000000000000000000, 0.000000000000000000, 1.000000000000000000 ) ) ;
#1509 = AXIS2_PLACEMENT_3D ( 'NONE', #1946, #1439, #1932 ) ;
#1510 = FACE_BOUND ( 'NONE', #2505, .T. ) ;
#1511 = DIRECTION ( 'NONE',  ( 1.000000000000000000, 0.000000000000000000, 0.000000000000000000 ) ) ;
#1512 = DIRECTION ( 'NONE',  ( 0.000000000000000000, 0.000000000000000000, 1.000000000000000000 ) ) ;
#1513 = AXIS2_PLACEMENT_3D ( 'NONE', #246, #1307, #1785 ) ;
#1514 = ORIENTED_EDGE ( 'NONE', *, *, #2512, .T. ) ;
#1515 = VERTEX_POINT ( 'NONE', #2116 ) ;
#1516 = ORIENTED_EDGE ( 'NONE', *, *, #169, .F. ) ;
#1517 = AXIS2_PLACEMENT_3D ( 'NONE', #508, #570, #1694 ) ;
#1518 = DIRECTION ( 'NONE',  ( 1.000000000000000000, 0.000000000000000000, 0.000000000000000000 ) ) ;
#1519 = DIRECTION ( 'NONE',  ( -0.000000000000000000, -0.000000000000000000, 1.000000000000000000 ) ) ;
#1520 = VECTOR ( 'NONE', #2485, 1000.000000000000000 ) ;
#1521 = ADVANCED_FACE ( 'NONE', ( #1167 ), #1603, .F. ) ;
#1522 = EDGE_CURVE ( 'NONE', #50, #1833, #2757, .T. ) ;
#1523 = DIRECTION ( 'NONE',  ( 0.000000000000000000, 0.000000000000000000, 1.000000000000000000 ) ) ;
#1524 = LINE ( 'NONE', #1465, #1061 ) ;
#1525 = CARTESIAN_POINT ( 'NONE',  ( 59.48484409930301808, 8.416606088769526650, 0.000000000000000000 ) ) ;
#1526 = AXIS2_PLACEMENT_3D ( 'NONE', #1048, #1957, #1729 ) ;
#1527 = AXIS2_PLACEMENT_3D ( 'NONE', #873, #846, #178 ) ;
#1528 = FACE_BOUND ( 'NONE', #2269, .T. ) ;
#1529 = CARTESIAN_POINT ( 'NONE',  ( -52.48484409930297545, -25.24981826630878246, -0.0009999999999992653654 ) ) ;
#1530 = VECTOR ( 'NONE', #1789, 1000.000000000000000 ) ;
#1531 = ORIENTED_EDGE ( 'NONE', *, *, #486, .T. ) ;
#1532 = ORIENTED_EDGE ( 'NONE', *, *, #237, .T. ) ;
#1533 = DIRECTION ( 'NONE',  ( -0.000000000000000000, -0.000000000000000000, 1.000000000000000000 ) ) ;
#1534 = DIRECTION ( 'NONE',  ( 0.000000000000000000, 0.000000000000000000, 1.000000000000000000 ) ) ;
#1535 = CARTESIAN_POINT ( 'NONE',  ( 46.65656273286868583, -5.204170427930421283E-14, -0.0009999999999992653654 ) ) ;
#1536 = CARTESIAN_POINT ( 'NONE',  ( 7.000000000000000000, 0.000000000000000000, 12.00000000000000000 ) ) ;
#1537 = ORIENTED_EDGE ( 'NONE', *, *, #2547, .T. ) ;
#1538 = ADVANCED_FACE ( 'NONE', ( #2553 ), #946, .F. ) ;
#1539 = DIRECTION ( 'NONE',  ( -0.000000000000000000, -0.000000000000000000, 1.000000000000000000 ) ) ;
#1540 = ORIENTED_EDGE ( 'NONE', *, *, #519, .T. ) ;
#1541 = CARTESIAN_POINT ( 'NONE',  ( -46.65656273286864320, -16.83321217753920251, 0.000000000000000000 ) ) ;
#1542 = ORIENTED_EDGE ( 'NONE', *, *, #1944, .F. ) ;
#1543 = ORIENTED_EDGE ( 'NONE', *, *, #344, .T. ) ;
#1544 = CARTESIAN_POINT ( 'NONE',  ( 32.65656273286869293, 16.83321217753911370, 12.00000000000000000 ) ) ;
#1545 = VECTOR ( 'NONE', #1265, 1000.000000000000000 ) ;
#1546 = AXIS2_PLACEMENT_3D ( 'NONE', #1303, #2566, #2334 ) ;
#1547 = DIRECTION ( 'NONE',  ( 1.000000000000000000, 0.000000000000000000, 0.000000000000000000 ) ) ;
#1548 = CARTESIAN_POINT ( 'NONE',  ( 39.65656273286867162, 33.66642435507827003, 0.000000000000000000 ) ) ;
#1549 = CARTESIAN_POINT ( 'NONE',  ( 2.081668171172168513E-14, -33.66642435507836950, -0.0009999999999992653654 ) ) ;
#1550 = ORIENTED_EDGE ( 'NONE', *, *, #598, .F. ) ;
#1551 = CARTESIAN_POINT ( 'NONE',  ( 39.65656273286868583, -33.66642435507836950, 12.00000000000000000 ) ) ;
#1552 = ADVANCED_FACE ( 'NONE', ( #2085 ), #2746, .F. ) ;
#1553 = EDGE_CURVE ( 'NONE', #1025, #2821, #2523, .T. ) ;
#1554 = ORIENTED_EDGE ( 'NONE', *, *, #622, .F. ) ;
#1555 = CARTESIAN_POINT ( 'NONE',  ( -19.82828136643431449, -25.24981826630878601, 0.000000000000000000 ) ) ;
#1556 = CIRCLE ( 'NONE', #1224, 7.000000000000006217 ) ;
#1557 = DIRECTION ( 'NONE',  ( -0.000000000000000000, -0.000000000000000000, 1.000000000000000000 ) ) ;
#1558 = ORIENTED_EDGE ( 'NONE', *, *, #2825, .T. ) ;
#1559 = EDGE_LOOP ( 'NONE', ( #2872, #47 ) ) ;
#1560 = ORIENTED_EDGE ( 'NONE', *, *, #218, .F. ) ;
#1561 = CARTESIAN_POINT ( 'NONE',  ( 0.000000000000000000, 0.000000000000000000, 12.00000000000000000 ) ) ;
#1562 = CYLINDRICAL_SURFACE ( 'NONE', #634, 6.999999999999999112 ) ;
#1563 = DIRECTION ( 'NONE',  ( -1.000000000000000000, 0.000000000000000000, 0.000000000000000000 ) ) ;
#1564 = CYLINDRICAL_SURFACE ( 'NONE', #2683, 7.000000000000000000 ) ;
#1565 = AXIS2_PLACEMENT_3D ( 'NONE', #723, #2279, #1106 ) ;
#1566 = VERTEX_POINT ( 'NONE', #496 ) ;
#1567 = AXIS2_PLACEMENT_3D ( 'NONE', #1827, #240, #2208 ) ;
#1568 = CARTESIAN_POINT ( 'NONE',  ( 86.31312546573735744, -5.204170427930421283E-14, 0.000000000000000000 ) ) ;
#1569 = EDGE_CURVE ( 'NONE', #454, #1250, #351, .T. ) ;
#1570 = EDGE_CURVE ( 'NONE', #1100, #1982, #2007, .T. ) ;
#1571 = CIRCLE ( 'NONE', #679, 6.999999999999999112 ) ;
#1572 = CARTESIAN_POINT ( 'NONE',  ( 39.65656273286867162, 33.66642435507827003, -0.0009999999999992653654 ) ) ;
#1573 = ORIENTED_EDGE ( 'NONE', *, *, #2925, .F. ) ;
#1574 = ORIENTED_EDGE ( 'NONE', *, *, #364, .F. ) ;
#1575 = EDGE_LOOP ( 'NONE', ( #2723, #1967 ) ) ;
#1576 = EDGE_CURVE ( 'NONE', #293, #2064, #1401, .T. ) ;
#1577 = AXIS2_PLACEMENT_3D ( 'NONE', #713, #741, #1624 ) ;
#1578 = DIRECTION ( 'NONE',  ( -0.000000000000000000, -0.000000000000000000, 1.000000000000000000 ) ) ;
#1579 = DIRECTION ( 'NONE',  ( -0.000000000000000000, -1.000000000000000000, -0.000000000000000000 ) ) ;
#1580 = ORIENTED_EDGE ( 'NONE', *, *, #222, .F. ) ;
#1581 = CARTESIAN_POINT ( 'NONE',  ( -32.65656273286866451, -4.510281037539698445E-14, 12.00000000000000000 ) ) ;
#1582 = VERTEX_POINT ( 'NONE', #1672 ) ;
#1583 = CARTESIAN_POINT ( 'NONE',  ( 46.65656273286868583, -5.204170427930421283E-14, 0.000000000000000000 ) ) ;
#1584 = DIRECTION ( 'NONE',  ( 1.000000000000000000, 0.000000000000000000, 0.000000000000000000 ) ) ;
#1585 = EDGE_LOOP ( 'NONE', ( #1125, #229, #460, #1550 ) ) ;
#1586 = ORIENTED_EDGE ( 'NONE', *, *, #2282, .T. ) ;
#1587 = DIRECTION ( 'NONE',  ( -0.000000000000000000, -0.000000000000000000, 1.000000000000000000 ) ) ;
#1588 = CARTESIAN_POINT ( 'NONE',  ( 0.000000000000000000, 0.000000000000000000, 0.000000000000000000 ) ) ;
#1589 = EDGE_CURVE ( 'NONE', #937, #392, #587, .T. ) ;
#1590 = CYLINDRICAL_SURFACE ( 'NONE', #2659, 6.999999999999999112 ) ;
#1591 = CARTESIAN_POINT ( 'NONE',  ( 0.000000000000000000, 33.66642435507827003, -0.0009999999999992653654 ) ) ;
#1592 = ORIENTED_EDGE ( 'NONE', *, *, #2730, .F. ) ;
#1593 = CARTESIAN_POINT ( 'NONE',  ( 7.000000000000021316, -16.83321217753920962, 0.000000000000000000 ) ) ;
#1594 = ORIENTED_EDGE ( 'NONE', *, *, #23, .F. ) ;
#1595 = DIRECTION ( 'NONE',  ( 1.000000000000000000, 0.000000000000000000, 0.000000000000000000 ) ) ;
#1596 = ORIENTED_EDGE ( 'NONE', *, *, #1210, .T. ) ;
#1597 = AXIS2_PLACEMENT_3D ( 'NONE', #715, #936, #1172 ) ;
#1598 = VERTEX_POINT ( 'NONE', #481 ) ;
#1599 = DIRECTION ( 'NONE',  ( 0.000000000000000000, 0.000000000000000000, 1.000000000000000000 ) ) ;
#1600 = AXIS2_PLACEMENT_3D ( 'NONE', #778, #565, #1963 ) ;
#1601 = ORIENTED_EDGE ( 'NONE', *, *, #526, .T. ) ;
#1602 = CARTESIAN_POINT ( 'NONE',  ( -46.65656273286866451, 16.83321217753911370, 12.00000000000000000 ) ) ;
#1603 = CYLINDRICAL_SURFACE ( 'NONE', #1675, 6.999999999999999112 ) ;
#1604 = EDGE_CURVE ( 'NONE', #2669, #669, #966, .T. ) ;
#1605 = EDGE_CURVE ( 'NONE', #2221, #1004, #2616, .T. ) ;
#1606 = ORIENTED_EDGE ( 'NONE', *, *, #2391, .F. ) ;
#1607 = CIRCLE ( 'NONE', #339, 6.999999999999999112 ) ;
#1608 = DIRECTION ( 'NONE',  ( -0.000000000000000000, -0.000000000000000000, 1.000000000000000000 ) ) ;
#1609 = AXIS2_PLACEMENT_3D ( 'NONE', #1409, #2533, #2727 ) ;
#1610 = VERTEX_POINT ( 'NONE', #2323 ) ;
#1611 = CARTESIAN_POINT ( 'NONE',  ( -39.65656273286866451, 33.66642435507828424, 0.000000000000000000 ) ) ;
#1612 = ORIENTED_EDGE ( 'NONE', *, *, #2012, .T. ) ;
#1613 = EDGE_LOOP ( 'NONE', ( #2608, #1754, #299, #1205 ) ) ;
#1614 = CARTESIAN_POINT ( 'NONE',  ( 52.48484409930301808, 8.416606088769526650, 0.000000000000000000 ) ) ;
#1615 = CIRCLE ( 'NONE', #1711, 6.999999999999999112 ) ;
#1616 = EDGE_LOOP ( 'NONE', ( #1843, #2607 ) ) ;
#1617 = CARTESIAN_POINT ( 'NONE',  ( 39.65656273286867162, 33.66642435507827003, 12.00000000000000000 ) ) ;
#1618 = PLANE ( 'NONE',  #1858 ) ;
#1619 = DIRECTION ( 'NONE',  ( 1.000000000000000000, 0.000000000000000000, 0.000000000000000000 ) ) ;
#1620 = AXIS2_PLACEMENT_3D ( 'NONE', #2098, #2280, #1849 ) ;
#1621 = CIRCLE ( 'NONE', #304, 6.999999999999999112 ) ;
#1622 = ORIENTED_EDGE ( 'NONE', *, *, #1851, .F. ) ;
#1623 = PRODUCT_RELATED_PRODUCT_CATEGORY ( 'part', '', ( #1889 ) ) ;
#1624 = DIRECTION ( 'NONE',  ( -1.000000000000000000, 0.000000000000000000, 0.000000000000000000 ) ) ;
#1625 = ORIENTED_EDGE ( 'NONE', *, *, #219, .F. ) ;
#1626 = EDGE_CURVE ( 'NONE', #2832, #585, #2554, .T. ) ;
#1627 = ADVANCED_FACE ( 'NONE', ( #2853, #2630, #547, #2868, #2189, #1007, #828, #2598, #379, #798, #367, #2385, #1695, #604, #1940, #1728, #355, #571, #1504, #2837, #2411, #787, #1223, #1018, #559, #1281, #1929, #161, #2162, #2149, #843, #2132, #1475, #2172, #147, #1064, #1447, #123 ), #1491, .T. ) ;
#1628 = PRESENTATION_STYLE_ASSIGNMENT (( #1828 ) ) ;
#1629 = EDGE_LOOP ( 'NONE', ( #2700, #1920 ) ) ;
#1630 = CYLINDRICAL_SURFACE ( 'NONE', #1609, 7.000000000000006217 ) ;
#1631 = ORIENTED_EDGE ( 'NONE', *, *, #218, .T. ) ;
#1632 = CARTESIAN_POINT ( 'NONE',  ( -59.48484409930298966, -8.416606088769624350, 0.000000000000000000 ) ) ;
#1633 = CARTESIAN_POINT ( 'NONE',  ( 26.82828136643433936, 25.24981826630869008, 12.00000000000000000 ) ) ;
#1634 = DIRECTION ( 'NONE',  ( -1.000000000000000000, 0.000000000000000000, 0.000000000000000000 ) ) ;
#1635 = ORIENTED_EDGE ( 'NONE', *, *, #2340, .T. ) ;
#1636 = DIRECTION ( 'NONE',  ( 0.000000000000000000, 0.000000000000000000, 1.000000000000000000 ) ) ;
#1637 = CYLINDRICAL_SURFACE ( 'NONE', #258, 6.999999999999999112 ) ;
#1638 = ORIENTED_EDGE ( 'NONE', *, *, #2081, .F. ) ;
#1639 = AXIS2_PLACEMENT_3D ( 'NONE', #1708, #1236, #589 ) ;
#1640 = AXIS2_PLACEMENT_3D ( 'NONE', #886, #1790, #303 ) ;
#1641 = FACE_OUTER_BOUND ( 'NONE', #1771, .T. ) ;
#1642 = EDGE_CURVE ( 'NONE', #2739, #334, #2375, .T. ) ;
#1643 = ADVANCED_FACE ( 'NONE', ( #2370 ), #592, .F. ) ;
#1644 = ORIENTED_EDGE ( 'NONE', *, *, #2377, .T. ) ;
#1645 = DIRECTION ( 'NONE',  ( -0.000000000000000000, -0.000000000000000000, 1.000000000000000000 ) ) ;
#1646 = FACE_BOUND ( 'NONE', #1130, .T. ) ;
#1647 = VERTEX_POINT ( 'NONE', #1710 ) ;
#1648 = VERTEX_POINT ( 'NONE', #1915 ) ;
#1649 = LINE ( 'NONE', #736, #2382 ) ;
#1650 = DIRECTION ( 'NONE',  ( -0.000000000000000000, -0.000000000000000000, 1.000000000000000000 ) ) ;
#1651 = DIRECTION ( 'NONE',  ( -0.000000000000000000, -0.000000000000000000, 1.000000000000000000 ) ) ;
#1652 = ORIENTED_EDGE ( 'NONE', *, *, #1047, .F. ) ;
#1653 = AXIS2_PLACEMENT_3D ( 'NONE', #691, #2451, #1803 ) ;
#1654 = DIRECTION ( 'NONE',  ( -0.000000000000000000, -0.000000000000000000, 1.000000000000000000 ) ) ;
#1655 = DIRECTION ( 'NONE',  ( 1.000000000000000000, 0.000000000000000000, 0.000000000000000000 ) ) ;
#1656 = ORIENTED_EDGE ( 'NONE', *, *, #275, .F. ) ;
#1657 = CIRCLE ( 'NONE', #242, 6.999999999999999112 ) ;
#1658 = AXIS2_PLACEMENT_3D ( 'NONE', #2710, #2472, #2270 ) ;
#1659 = CARTESIAN_POINT ( 'NONE',  ( -52.48484409930298966, -8.416606088769624350, 12.00000000000000000 ) ) ;
#1660 = VERTEX_POINT ( 'NONE', #2613 ) ;
#1661 = CARTESIAN_POINT ( 'NONE',  ( -100.0000000000000142, 49.99999999999999289, 0.000000000000000000 ) ) ;
#1662 = ADVANCED_FACE ( 'NONE', ( #2815 ), #325, .F. ) ;
#1663 = ADVANCED_FACE ( 'NONE', ( #338 ), #1238, .F. ) ;
#1664 = FACE_BOUND ( 'NONE', #576, .T. ) ;
#1665 = ORIENTED_EDGE ( 'NONE', *, *, #618, .F. ) ;
#1666 = ORIENTED_EDGE ( 'NONE', *, *, #2012, .F. ) ;
#1667 = CIRCLE ( 'NONE', #1189, 7.000000000000000000 ) ;
#1668 = VECTOR ( 'NONE', #2052, 1000.000000000000000 ) ;
#1669 = EDGE_CURVE ( 'NONE', #2145, #1784, #2042, .T. ) ;
#1670 = CARTESIAN_POINT ( 'NONE',  ( -86.31312546573732902, -16.83321217753920251, -0.0009999999999992653654 ) ) ;
#1671 = DIRECTION ( 'NONE',  ( 0.000000000000000000, 0.000000000000000000, 1.000000000000000000 ) ) ;
#1672 = CARTESIAN_POINT ( 'NONE',  ( -32.65656273286866451, -4.510281037539698445E-14, 0.000000000000000000 ) ) ;
#1673 = CARTESIAN_POINT ( 'NONE',  ( 79.31312546573734323, -5.204170427930421283E-14, -0.0009999999999992653654 ) ) ;
#1674 = DIRECTION ( 'NONE',  ( -0.000000000000000000, -0.000000000000000000, 1.000000000000000000 ) ) ;
#1675 = AXIS2_PLACEMENT_3D ( 'NONE', #1192, #2733, #2072 ) ;
#1676 = EDGE_LOOP ( 'NONE', ( #288, #2759 ) ) ;
#1677 = DIRECTION ( 'NONE',  ( -1.000000000000000000, 0.000000000000000000, 0.000000000000000000 ) ) ;
#1678 = DIRECTION ( 'NONE',  ( 1.000000000000000000, 0.000000000000000000, 0.000000000000000000 ) ) ;
#1679 = ORIENTED_EDGE ( 'NONE', *, *, #1569, .T. ) ;
#1680 = ORIENTED_EDGE ( 'NONE', *, *, #95, .T. ) ;
#1681 = CYLINDRICAL_SURFACE ( 'NONE', #748, 6.999999999999999112 ) ;
#1682 = DIRECTION ( 'NONE',  ( 1.000000000000000000, 0.000000000000000000, 0.000000000000000000 ) ) ;
#1683 = DIRECTION ( 'NONE',  ( -0.000000000000000000, -0.000000000000000000, 1.000000000000000000 ) ) ;
#1684 = EDGE_CURVE ( 'NONE', #212, #1320, #2643, .T. ) ;
#1685 = FACE_OUTER_BOUND ( 'NONE', #1457, .T. ) ;
#1686 = DIRECTION ( 'NONE',  ( -0.000000000000000000, -0.000000000000000000, 1.000000000000000000 ) ) ;
#1687 = DIRECTION ( 'NONE',  ( -0.000000000000000000, -0.000000000000000000, 1.000000000000000000 ) ) ;
#1688 = AXIS2_PLACEMENT_3D ( 'NONE', #1742, #569, #619 ) ;
#1689 = AXIS2_PLACEMENT_3D ( 'NONE', #387, #1974, #1272 ) ;
#1690 = CARTESIAN_POINT ( 'NONE',  ( 52.48484409930301808, 8.416606088769526650, -0.0009999999999992653654 ) ) ;
#1691 = ORIENTED_EDGE ( 'NONE', *, *, #2443, .T. ) ;
#1692 = VERTEX_POINT ( 'NONE', #1474 ) ;
#1693 = CARTESIAN_POINT ( 'NONE',  ( 59.48484409930301808, -25.24981826630878601, 12.00000000000000000 ) ) ;
#1694 = DIRECTION ( 'NONE',  ( 1.000000000000000000, 0.000000000000000000, 0.000000000000000000 ) ) ;
#1695 = FACE_BOUND ( 'NONE', #361, .T. ) ;
#1696 = VECTOR ( 'NONE', #2181, 1000.000000000000000 ) ;
#1697 = EDGE_CURVE ( 'NONE', #2260, #2593, #107, .T. ) ;
#1698 = EDGE_CURVE ( 'NONE', #448, #770, #2421, .T. ) ;
#1699 = CARTESIAN_POINT ( 'NONE',  ( 19.82828136643435357, 8.416606088769533756, 12.00000000000000000 ) ) ;
#1700 = DIRECTION ( 'NONE',  ( -0.000000000000000000, -0.000000000000000000, 1.000000000000000000 ) ) ;
#1701 = AXIS2_PLACEMENT_3D ( 'NONE', #2619, #996, #1677 ) ;
#1702 = CARTESIAN_POINT ( 'NONE',  ( -39.65656273286865030, -33.66642435507836950, -0.0009999999999992653654 ) ) ;
#1703 = CARTESIAN_POINT ( 'NONE',  ( -52.48484409930300387, 8.416606088769533756, 0.000000000000000000 ) ) ;
#1704 = AXIS2_PLACEMENT_3D ( 'NONE', #106, #2397, #1953 ) ;
#1705 = ORIENTED_EDGE ( 'NONE', *, *, #1759, .T. ) ;
#1706 = EDGE_LOOP ( 'NONE', ( #698, #172 ) ) ;
#1707 = VERTEX_POINT ( 'NONE', #1180 ) ;
#1708 = CARTESIAN_POINT ( 'NONE',  ( -39.65656273286866451, 33.66642435507828424, -0.0009999999999992653654 ) ) ;
#1709 = DIRECTION ( 'NONE',  ( 0.000000000000000000, 0.000000000000000000, 1.000000000000000000 ) ) ;
#1710 = CARTESIAN_POINT ( 'NONE',  ( 46.65656273286868583, 16.83321217753911370, 12.00000000000000000 ) ) ;
#1711 = AXIS2_PLACEMENT_3D ( 'NONE', #1997, #1534, #1547 ) ;
#1712 = DIRECTION ( 'NONE',  ( 1.000000000000000000, 0.000000000000000000, 0.000000000000000000 ) ) ;
#1713 = CARTESIAN_POINT ( 'NONE',  ( 19.82828136643435357, -8.416606088769631455, -0.0009999999999992653654 ) ) ;
#1714 = ORIENTED_EDGE ( 'NONE', *, *, #1481, .T. ) ;
#1715 = FACE_BOUND ( 'NONE', #2302, .T. ) ;
#1716 = DIRECTION ( 'NONE',  ( 0.000000000000000000, 0.000000000000000000, 1.000000000000000000 ) ) ;
#1717 = ADVANCED_FACE ( 'NONE', ( #2573 ), #546, .F. ) ;
#1718 = EDGE_CURVE ( 'NONE', #1250, #454, #1140, .T. ) ;
#1719 = AXIS2_PLACEMENT_3D ( 'NONE', #13, #1762, #1135 ) ;
#1720 = AXIS2_PLACEMENT_3D ( 'NONE', #2233, #2921, #1078 ) ;
#1721 = DIRECTION ( 'NONE',  ( -1.000000000000000000, 0.000000000000000000, 0.000000000000000000 ) ) ;
#1722 = VECTOR ( 'NONE', #333, 1000.000000000000000 ) ;
#1723 = EDGE_LOOP ( 'NONE', ( #1444, #348 ) ) ;
#1724 = ORIENTED_EDGE ( 'NONE', *, *, #2174, .T. ) ;
#1725 = VERTEX_POINT ( 'NONE', #1633 ) ;
#1726 = DIRECTION ( 'NONE',  ( 0.000000000000000000, 0.000000000000000000, 1.000000000000000000 ) ) ;
#1727 = DIRECTION ( 'NONE',  ( -0.000000000000000000, -0.000000000000000000, 1.000000000000000000 ) ) ;
#1728 = FACE_BOUND ( 'NONE', #2802, .T. ) ;
#1729 = DIRECTION ( 'NONE',  ( -1.000000000000000000, 0.000000000000000000, 0.000000000000000000 ) ) ;
#1730 = DIRECTION ( 'NONE',  ( -0.000000000000000000, -0.000000000000000000, 1.000000000000000000 ) ) ;
#1731 = UNCERTAINTY_MEASURE_WITH_UNIT (LENGTH_MEASURE( 1.000000000000000082E-05 ), #1367, 'distance_accuracy_value', 'NONE');
#1732 = CARTESIAN_POINT ( 'NONE',  ( -6.999999999999979572, -33.66642435507836950, -0.0009999999999992653654 ) ) ;
#1733 = VERTEX_POINT ( 'NONE', #989 ) ;
#1734 = DIRECTION ( 'NONE',  ( 0.000000000000000000, 0.000000000000000000, -1.000000000000000000 ) ) ;
#1735 = CARTESIAN_POINT ( 'NONE',  ( -26.82828136643432870, 8.416606088769533756, 0.000000000000000000 ) ) ;
#1736 = CARTESIAN_POINT ( 'NONE',  ( -79.31312546573732902, -4.510281037539698445E-14, 0.000000000000000000 ) ) ;
#1737 = EDGE_CURVE ( 'NONE', #1598, #702, #2536, .T. ) ;
#1738 = EDGE_CURVE ( 'NONE', #1582, #2062, #2137, .T. ) ;
#1739 = ORIENTED_EDGE ( 'NONE', *, *, #2413, .T. ) ;
#1740 = EDGE_LOOP ( 'NONE', ( #499, #1161 ) ) ;
#1741 = ORIENTED_EDGE ( 'NONE', *, *, #622, .T. ) ;
#1742 = CARTESIAN_POINT ( 'NONE',  ( -19.82828136643433226, 25.24981826630869008, -0.0009999999999992653654 ) ) ;
#1743 = DIRECTION ( 'NONE',  ( -1.000000000000000000, 0.000000000000000000, 0.000000000000000000 ) ) ;
#1744 = CARTESIAN_POINT ( 'NONE',  ( 72.31312546573734323, -16.83321217753920962, -0.0009999999999992653654 ) ) ;
#1745 = DIRECTION ( 'NONE',  ( 0.000000000000000000, 0.000000000000000000, 1.000000000000000000 ) ) ;
#1746 = PRESENTATION_LAYER_ASSIGNMENT (  '', '', ( #93 ) ) ;
#1747 = CYLINDRICAL_SURFACE ( 'NONE', #1428, 6.999999999999999112 ) ;
#1748 = VERTEX_POINT ( 'NONE', #2597 ) ;
#1749 = VECTOR ( 'NONE', #2827, 1000.000000000000000 ) ;
#1750 = DIRECTION ( 'NONE',  ( 1.000000000000000000, 0.000000000000000000, 0.000000000000000000 ) ) ;
#1751 = CARTESIAN_POINT ( 'NONE',  ( -59.48484409930300387, 8.416606088769533756, 12.00000000000000000 ) ) ;
#1752 = VECTOR ( 'NONE', #2124, 1000.000000000000000 ) ;
#1753 = EDGE_LOOP ( 'NONE', ( #215, #2327 ) ) ;
#1754 = ORIENTED_EDGE ( 'NONE', *, *, #693, .T. ) ;
#1755 = ORIENTED_EDGE ( 'NONE', *, *, #1301, .T. ) ;
#1756 = AXIS2_PLACEMENT_3D ( 'NONE', #2814, #1208, #122 ) ;
#1757 = VECTOR ( 'NONE', #747, 1000.000000000000000 ) ;
#1758 = AXIS2_PLACEMENT_3D ( 'NONE', #2605, #1512, #1678 ) ;
#1759 = EDGE_CURVE ( 'NONE', #1833, #50, #1279, .T. ) ;
#1760 = EDGE_CURVE ( 'NONE', #1216, #1923, #858, .T. ) ;
#1761 = LINE ( 'NONE', #2660, #2704 ) ;
#1762 = DIRECTION ( 'NONE',  ( -0.000000000000000000, -0.000000000000000000, 1.000000000000000000 ) ) ;
#1763 = CYLINDRICAL_SURFACE ( 'NONE', #2805, 7.000000000000000000 ) ;
#1764 = ORIENTED_EDGE ( 'NONE', *, *, #24, .T. ) ;
#1765 = CIRCLE ( 'NONE', #2090, 6.999999999999999112 ) ;
#1766 = CYLINDRICAL_SURFACE ( 'NONE', #1933, 6.999999999999999112 ) ;
#1767 = CARTESIAN_POINT ( 'NONE',  ( -26.82828136643432870, 8.416606088769533756, 12.00000000000000000 ) ) ;
#1768 = CIRCLE ( 'NONE', #257, 6.999999999999999112 ) ;
#1769 = ORIENTED_EDGE ( 'NONE', *, *, #2825, .F. ) ;
#1770 = AXIS2_PLACEMENT_3D ( 'NONE', #164, #1493, #1972 ) ;
#1771 = EDGE_LOOP ( 'NONE', ( #2482, #555, #1895, #2446 ) ) ;
#1772 = DIRECTION ( 'NONE',  ( -1.000000000000000000, 0.000000000000000000, 0.000000000000000000 ) ) ;
#1773 = APPLICATION_PROTOCOL_DEFINITION ( 'draft international standard', 'automotive_design', 1998, #2055 ) ;
#1774 = CARTESIAN_POINT ( 'NONE',  ( 66.48484409930303229, -8.416606088769631455, 12.00000000000000000 ) ) ;
#1775 = DIRECTION ( 'NONE',  ( -0.000000000000000000, -0.000000000000000000, 1.000000000000000000 ) ) ;
#1776 = EDGE_CURVE ( 'NONE', #1748, #493, #1430, .T. ) ;
#1777 = CARTESIAN_POINT ( 'NONE',  ( 26.82828136643435357, -25.24981826630878601, 12.00000000000000000 ) ) ;
#1778 = ORIENTED_EDGE ( 'NONE', *, *, #2658, .F. ) ;
#1779 = DIRECTION ( 'NONE',  ( 1.000000000000000000, 0.000000000000000000, 0.000000000000000000 ) ) ;
#1780 = EDGE_LOOP ( 'NONE', ( #2314, #682, #1111, #2091 ) ) ;
#1781 = CARTESIAN_POINT ( 'NONE',  ( -7.000000000000000000, 8.572527594031473190E-16, 12.00000000000000000 ) ) ;
#1782 = DIRECTION ( 'NONE',  ( 0.000000000000000000, 0.000000000000000000, 1.000000000000000000 ) ) ;
#1783 = ORIENTED_EDGE ( 'NONE', *, *, #639, .F. ) ;
#1784 = VERTEX_POINT ( 'NONE', #2795 ) ;
#1785 = DIRECTION ( 'NONE',  ( 1.000000000000000000, 0.000000000000000000, 0.000000000000000000 ) ) ;
#1786 = AXIS2_PLACEMENT_3D ( 'NONE', #1297, #2147, #2596 ) ;
#1787 = VECTOR ( 'NONE', #2003, 1000.000000000000000 ) ;
#1788 = CARTESIAN_POINT ( 'NONE',  ( -79.31312546573732902, 16.83321217753912435, -0.0009999999999992653654 ) ) ;
#1789 = DIRECTION ( 'NONE',  ( -0.000000000000000000, -0.000000000000000000, 1.000000000000000000 ) ) ;
#1790 = DIRECTION ( 'NONE',  ( -0.000000000000000000, -0.000000000000000000, 1.000000000000000000 ) ) ;
#1791 = ORIENTED_EDGE ( 'NONE', *, *, #1285, .F. ) ;
#1792 = EDGE_CURVE ( 'NONE', #2380, #493, #2506, .T. ) ;
#1793 = EDGE_CURVE ( 'NONE', #33, #1948, #811, .T. ) ;
#1794 = CARTESIAN_POINT ( 'NONE',  ( -32.65656273286867162, 33.66642435507828424, 12.00000000000000000 ) ) ;
#1795 = ORIENTED_EDGE ( 'NONE', *, *, #580, .T. ) ;
#1796 = EDGE_CURVE ( 'NONE', #2258, #1733, #1657, .T. ) ;
#1797 = DIRECTION ( 'NONE',  ( 1.000000000000000000, 0.000000000000000000, 0.000000000000000000 ) ) ;
#1798 = EDGE_CURVE ( 'NONE', #1566, #2517, #1092, .T. ) ;
#1799 =( GEOMETRIC_REPRESENTATION_CONTEXT ( 3 ) GLOBAL_UNCERTAINTY_ASSIGNED_CONTEXT ( ( #2526 ) ) GLOBAL_UNIT_ASSIGNED_CONTEXT ( ( #500, #2312, #63 ) ) REPRESENTATION_CONTEXT ( 'NONE', 'WORKASPACE' ) );
#1800 = DIRECTION ( 'NONE',  ( 0.000000000000000000, 0.000000000000000000, 1.000000000000000000 ) ) ;
#1801 = VERTEX_POINT ( 'NONE', #105 ) ;
#1802 = EDGE_LOOP ( 'NONE', ( #2555, #1074 ) ) ;
#1803 = DIRECTION ( 'NONE',  ( 1.000000000000000000, 0.000000000000000000, 0.000000000000000000 ) ) ;
#1804 = AXIS2_PLACEMENT_3D ( 'NONE', #974, #1671, #1682 ) ;
#1805 = FACE_OUTER_BOUND ( 'NONE', #28, .T. ) ;
#1806 = LINE ( 'NONE', #408, #487 ) ;
#1807 = ORIENTED_EDGE ( 'NONE', *, *, #2461, .F. ) ;
#1808 = DIRECTION ( 'NONE',  ( 0.000000000000000000, 0.000000000000000000, 1.000000000000000000 ) ) ;
#1809 = CIRCLE ( 'NONE', #1565, 6.999999999999999112 ) ;
#1810 = VERTEX_POINT ( 'NONE', #2148 ) ;
#1811 = CARTESIAN_POINT ( 'NONE',  ( -66.48484409930301808, 25.24981826630870430, 0.000000000000000000 ) ) ;
#1812 = AXIS2_PLACEMENT_3D ( 'NONE', #1847, #722, #2535 ) ;
#1813 = CYLINDRICAL_SURFACE ( 'NONE', #1941, 7.000000000000006217 ) ;
#1814 = ADVANCED_FACE ( 'NONE', ( #2131 ), #1928, .F. ) ;
#1815 = EDGE_CURVE ( 'NONE', #2136, #953, #2322, .T. ) ;
#1816 = ORIENTED_EDGE ( 'NONE', *, *, #580, .F. ) ;
#1817 = ORIENTED_EDGE ( 'NONE', *, *, #96, .F. ) ;
#1818 = DIRECTION ( 'NONE',  ( 0.000000000000000000, 1.000000000000000000, 0.000000000000000000 ) ) ;
#1819 = VECTOR ( 'NONE', #1899, 1000.000000000000000 ) ;
#1820 = CIRCLE ( 'NONE', #2900, 7.000000000000006217 ) ;
#1821 = AXIS2_PLACEMENT_3D ( 'NONE', #2845, #2201, #1057 ) ;
#1822 = LINE ( 'NONE', #898, #251 ) ;
#1823 = DIRECTION ( 'NONE',  ( -0.000000000000000000, -0.000000000000000000, 1.000000000000000000 ) ) ;
#1824 = ORIENTED_EDGE ( 'NONE', *, *, #1759, .F. ) ;
#1825 = DIRECTION ( 'NONE',  ( -0.000000000000000000, -0.000000000000000000, 1.000000000000000000 ) ) ;
#1826 = ORIENTED_EDGE ( 'NONE', *, *, #548, .F. ) ;
#1827 = CARTESIAN_POINT ( 'NONE',  ( 59.48484409930301808, -25.24981826630878601, 0.000000000000000000 ) ) ;
#1828 = SURFACE_STYLE_USAGE ( .BOTH. , #2272 ) ;
#1829 = ORIENTED_EDGE ( 'NONE', *, *, #2317, .F. ) ;
#1830 = ORIENTED_EDGE ( 'NONE', *, *, #1285, .T. ) ;
#1831 = FACE_OUTER_BOUND ( 'NONE', #2684, .T. ) ;
#1832 = ADVANCED_FACE ( 'NONE', ( #753 ), #1191, .F. ) ;
#1833 = VERTEX_POINT ( 'NONE', #1952 ) ;
#1834 = DIRECTION ( 'NONE',  ( -0.000000000000000000, -0.000000000000000000, 1.000000000000000000 ) ) ;
#1835 = CARTESIAN_POINT ( 'NONE',  ( -19.82828136643433226, 25.24981826630869008, 0.000000000000000000 ) ) ;
#1836 = AXIS2_PLACEMENT_3D ( 'NONE', #2283, #2497, #1141 ) ;
#1837 = EDGE_LOOP ( 'NONE', ( #853, #1021, #272, #2109 ) ) ;
#1838 = CARTESIAN_POINT ( 'NONE',  ( -59.48484409930300387, 25.24981826630870430, 12.00000000000000000 ) ) ;
#1839 = ORIENTED_EDGE ( 'NONE', *, *, #2317, .T. ) ;
#1840 = DIRECTION ( 'NONE',  ( 1.000000000000000000, 0.000000000000000000, 0.000000000000000000 ) ) ;
#1841 = EDGE_LOOP ( 'NONE', ( #1846, #1537 ) ) ;
#1842 = AXIS2_PLACEMENT_3D ( 'NONE', #1113, #1782, #827 ) ;
#1843 = ORIENTED_EDGE ( 'NONE', *, *, #520, .F. ) ;
#1844 = DIRECTION ( 'NONE',  ( -0.000000000000000000, -0.000000000000000000, 1.000000000000000000 ) ) ;
#1845 = AXIS2_PLACEMENT_3D ( 'NONE', #2401, #2140, #113 ) ;
#1846 = ORIENTED_EDGE ( 'NONE', *, *, #1738, .T. ) ;
#1847 = CARTESIAN_POINT ( 'NONE',  ( 39.65656273286868583, -5.204170427930421283E-14, -0.0009999999999992653654 ) ) ;
#1848 = DIRECTION ( 'NONE',  ( 0.000000000000000000, 0.000000000000000000, 1.000000000000000000 ) ) ;
#1849 = DIRECTION ( 'NONE',  ( 1.000000000000000000, 0.000000000000000000, 0.000000000000000000 ) ) ;
#1850 = EDGE_CURVE ( 'NONE', #1982, #1100, #1470, .T. ) ;
#1851 = EDGE_CURVE ( 'NONE', #301, #1086, #1607, .T. ) ;
#1852 = ORIENTED_EDGE ( 'NONE', *, *, #1032, .F. ) ;
#1853 = AXIS2_PLACEMENT_3D ( 'NONE', #1914, #55, #86 ) ;
#1854 = CARTESIAN_POINT ( 'NONE',  ( 12.82828136643435357, -25.24981826630878601, 12.00000000000000000 ) ) ;
#1855 = CIRCLE ( 'NONE', #718, 7.000000000000006217 ) ;
#1856 = ORIENTED_EDGE ( 'NONE', *, *, #1247, .T. ) ;
#1857 = CARTESIAN_POINT ( 'NONE',  ( 32.65656273286867872, 33.66642435507827003, 12.00000000000000000 ) ) ;
#1858 = AXIS2_PLACEMENT_3D ( 'NONE', #452, #249, #43 ) ;
#1859 = ORIENTED_EDGE ( 'NONE', *, *, #2807, .T. ) ;
#1860 = CARTESIAN_POINT ( 'NONE',  ( 32.65656273286869293, 16.83321217753911370, 0.000000000000000000 ) ) ;
#1861 = AXIS2_PLACEMENT_3D ( 'NONE', #973, #1877, #2775 ) ;
#1862 = ORIENTED_EDGE ( 'NONE', *, *, #1576, .F. ) ;
#1863 = DIRECTION ( 'NONE',  ( -0.000000000000000000, -0.000000000000000000, 1.000000000000000000 ) ) ;
#1864 = DIRECTION ( 'NONE',  ( -0.000000000000000000, -0.000000000000000000, 1.000000000000000000 ) ) ;
#1865 = DIRECTION ( 'NONE',  ( -0.000000000000000000, -0.000000000000000000, 1.000000000000000000 ) ) ;
#1866 = AXIS2_PLACEMENT_3D ( 'NONE', #813, #1700, #2600 ) ;
#1867 = ORIENTED_EDGE ( 'NONE', *, *, #2620, .T. ) ;
#1868 = AXIS2_PLACEMENT_3D ( 'NONE', #141, #2364, #1496 ) ;
#1869 = EDGE_CURVE ( 'NONE', #910, #1086, #227, .T. ) ;
#1870 = EDGE_CURVE ( 'NONE', #1158, #434, #2231, .T. ) ;
#1871 = DIRECTION ( 'NONE',  ( -1.000000000000000000, 0.000000000000000000, 0.000000000000000000 ) ) ;
#1872 = ORIENTED_EDGE ( 'NONE', *, *, #486, .F. ) ;
#1873 = ORIENTED_EDGE ( 'NONE', *, *, #575, .F. ) ;
#1874 = CARTESIAN_POINT ( 'NONE',  ( -19.82828136643433226, 25.24981826630869008, 12.00000000000000000 ) ) ;
#1875 = ORIENTED_EDGE ( 'NONE', *, *, #961, .T. ) ;
#1876 = EDGE_LOOP ( 'NONE', ( #976, #2010 ) ) ;
#1877 = DIRECTION ( 'NONE',  ( -0.000000000000000000, -0.000000000000000000, 1.000000000000000000 ) ) ;
#1878 = DIRECTION ( 'NONE',  ( -0.000000000000000000, -0.000000000000000000, 1.000000000000000000 ) ) ;
#1879 = DIRECTION ( 'NONE',  ( -0.000000000000000000, -0.000000000000000000, 1.000000000000000000 ) ) ;
#1880 = VERTEX_POINT ( 'NONE', #2612 ) ;
#1881 = CARTESIAN_POINT ( 'NONE',  ( -79.31312546573732902, 16.83321217753912435, -0.0009999999999992653654 ) ) ;
#1882 = DIRECTION ( 'NONE',  ( 0.000000000000000000, 0.000000000000000000, 1.000000000000000000 ) ) ;
#1883 = ADVANCED_FACE ( 'NONE', ( #809 ), #1266, .F. ) ;
#1884 = EDGE_CURVE ( 'NONE', #1707, #2349, #756, .T. ) ;
#1885 = ORIENTED_EDGE ( 'NONE', *, *, #2711, .F. ) ;
#1886 = DIRECTION ( 'NONE',  ( 0.000000000000000000, 0.000000000000000000, 1.000000000000000000 ) ) ;
#1887 = EDGE_CURVE ( 'NONE', #2450, #419, #1556, .T. ) ;
#1888 = EDGE_CURVE ( 'NONE', #2297, #1404, #1364, .T. ) ;
#1889 = PRODUCT ( 'Diagonaal Plaat', 'Diagonaal Plaat', '', ( #678 ) ) ;
#1890 = ORIENTED_EDGE ( 'NONE', *, *, #2340, .F. ) ;
#1891 = CARTESIAN_POINT ( 'NONE',  ( -52.48484409930300387, 25.24981826630870430, 0.000000000000000000 ) ) ;
#1892 = FACE_BOUND ( 'NONE', #955, .T. ) ;
#1893 = AXIS2_PLACEMENT_3D ( 'NONE', #49, #2754, #1840 ) ;
#1894 = EDGE_LOOP ( 'NONE', ( #2529, #328, #1514, #185 ) ) ;
#1895 = ORIENTED_EDGE ( 'NONE', *, *, #401, .T. ) ;
#1896 = AXIS2_PLACEMENT_3D ( 'NONE', #818, #1716, #94 ) ;
#1897 = DIRECTION ( 'NONE',  ( -0.000000000000000000, -0.000000000000000000, 1.000000000000000000 ) ) ;
#1898 = DIRECTION ( 'NONE',  ( -0.000000000000000000, -0.000000000000000000, 1.000000000000000000 ) ) ;
#1899 = DIRECTION ( 'NONE',  ( -0.000000000000000000, -0.000000000000000000, 1.000000000000000000 ) ) ;
#1900 = CIRCLE ( 'NONE', #2793, 6.999999999999999112 ) ;
#1901 = DIRECTION ( 'NONE',  ( -0.000000000000000000, -0.000000000000000000, 1.000000000000000000 ) ) ;
#1902 = FACE_OUTER_BOUND ( 'NONE', #2156, .T. ) ;
#1903 = ORIENTED_EDGE ( 'NONE', *, *, #941, .T. ) ;
#1904 = VECTOR ( 'NONE', #2068, 1000.000000000000000 ) ;
#1905 = AXIS2_PLACEMENT_3D ( 'NONE', #446, #644, #226 ) ;
#1906 = DIRECTION ( 'NONE',  ( 0.000000000000000000, 0.000000000000000000, 1.000000000000000000 ) ) ;
#1907 = LINE ( 'NONE', #128, #1722 ) ;
#1908 = EDGE_CURVE ( 'NONE', #2297, #2516, #1127, .T. ) ;
#1909 = EDGE_CURVE ( 'NONE', #1242, #755, #2881, .T. ) ;
#1910 = EDGE_LOOP ( 'NONE', ( #940, #932, #1540, #1350 ) ) ;
#1911 = EDGE_LOOP ( 'NONE', ( #1741, #1635, #719, #2080 ) ) ;
#1912 = AXIS2_PLACEMENT_3D ( 'NONE', #2306, #680, #1166 ) ;
#1913 = DIRECTION ( 'NONE',  ( -0.000000000000000000, -0.000000000000000000, 1.000000000000000000 ) ) ;
#1914 = CARTESIAN_POINT ( 'NONE',  ( 19.82828136643433936, 25.24981826630869008, 0.000000000000000000 ) ) ;
#1915 = CARTESIAN_POINT ( 'NONE',  ( 46.65656273286868583, 16.83321217753911370, 0.000000000000000000 ) ) ;
#1916 = CARTESIAN_POINT ( 'NONE',  ( 2.081668171172168513E-14, -16.83321217753920962, -0.0009999999999992653654 ) ) ;
#1917 = CARTESIAN_POINT ( 'NONE',  ( 79.31312546573734323, 16.83321217753910659, -0.0009999999999992653654 ) ) ;
#1918 = CIRCLE ( 'NONE', #2812, 7.000000000000006217 ) ;
#1919 = VECTOR ( 'NONE', #563, 1000.000000000000000 ) ;
#1920 = ORIENTED_EDGE ( 'NONE', *, *, #396, .F. ) ;
#1921 = DIRECTION ( 'NONE',  ( 1.000000000000000000, 0.000000000000000000, 0.000000000000000000 ) ) ;
#1922 = DIRECTION ( 'NONE',  ( -0.000000000000000000, -1.000000000000000000, -0.000000000000000000 ) ) ;
#1923 = VERTEX_POINT ( 'NONE', #2257 ) ;
#1924 = ORIENTED_EDGE ( 'NONE', *, *, #2197, .T. ) ;
#1925 = EDGE_CURVE ( 'NONE', #2520, #744, #2698, .T. ) ;
#1926 = ADVANCED_FACE ( 'NONE', ( #591 ), #892, .F. ) ;
#1927 = CARTESIAN_POINT ( 'NONE',  ( -7.000000000000000000, 8.572527594031473190E-16, -0.0009999999999992653654 ) ) ;
#1928 = CYLINDRICAL_SURFACE ( 'NONE', #2887, 6.999999999999999112 ) ;
#1929 = FACE_BOUND ( 'NONE', #1060, .T. ) ;
#1930 = LINE ( 'NONE', #2799, #1749 ) ;
#1931 = CARTESIAN_POINT ( 'NONE',  ( -46.65656273286864320, -33.66642435507836950, -0.0009999999999992653654 ) ) ;
#1932 = DIRECTION ( 'NONE',  ( 1.000000000000000000, 0.000000000000000000, 0.000000000000000000 ) ) ;
#1933 = AXIS2_PLACEMENT_3D ( 'NONE', #426, #1825, #224 ) ;
#1934 = CARTESIAN_POINT ( 'NONE',  ( -12.82828136643431449, -8.416606088769624350, 12.00000000000000000 ) ) ;
#1935 = ORIENTED_EDGE ( 'NONE', *, *, #2602, .T. ) ;
#1936 = ORIENTED_EDGE ( 'NONE', *, *, #1975, .T. ) ;
#1937 = ORIENTED_EDGE ( 'NONE', *, *, #2049, .T. ) ;
#1938 = DIRECTION ( 'NONE',  ( 0.000000000000000000, -0.000000000000000000, 1.000000000000000000 ) ) ;
#1939 = DIRECTION ( 'NONE',  ( -0.000000000000000000, -0.000000000000000000, 1.000000000000000000 ) ) ;
#1940 = FACE_BOUND ( 'NONE', #1322, .T. ) ;
#1941 = AXIS2_PLACEMENT_3D ( 'NONE', #1334, #1394, #2053 ) ;
#1942 = DIRECTION ( 'NONE',  ( -0.000000000000000000, -0.000000000000000000, 1.000000000000000000 ) ) ;
#1943 = LINE ( 'NONE', #2817, #731 ) ;
#1944 = EDGE_CURVE ( 'NONE', #1784, #334, #2713, .T. ) ;
#1945 = CARTESIAN_POINT ( 'NONE',  ( 59.48484409930301808, -25.24981826630878601, -0.0009999999999992653654 ) ) ;
#1946 = CARTESIAN_POINT ( 'NONE',  ( 39.65656273286868583, -33.66642435507836950, -0.0009999999999992653654 ) ) ;
#1947 = DIRECTION ( 'NONE',  ( -0.000000000000000000, -0.000000000000000000, 1.000000000000000000 ) ) ;
#1948 = VERTEX_POINT ( 'NONE', #1317 ) ;
#1949 = VERTEX_POINT ( 'NONE', #2903 ) ;
#1950 = ORIENTED_EDGE ( 'NONE', *, *, #1798, .F. ) ;
#1951 = CARTESIAN_POINT ( 'NONE',  ( 2.081668171172168513E-14, -16.83321217753920962, 0.000000000000000000 ) ) ;
#1952 = CARTESIAN_POINT ( 'NONE',  ( -32.65656273286867162, 16.83321217753911370, 0.000000000000000000 ) ) ;
#1953 = DIRECTION ( 'NONE',  ( -1.000000000000000000, 0.000000000000000000, 0.000000000000000000 ) ) ;
#1954 = AXIS2_PLACEMENT_3D ( 'NONE', #812, #2430, #1090 ) ;
#1955 = CIRCLE ( 'NONE', #1527, 7.000000000000000000 ) ;
#1956 = AXIS2_PLACEMENT_3D ( 'NONE', #1969, #2427, #394 ) ;
#1957 = DIRECTION ( 'NONE',  ( -0.000000000000000000, -0.000000000000000000, 1.000000000000000000 ) ) ;
#1958 = CARTESIAN_POINT ( 'NONE',  ( -32.65656273286867162, 16.83321217753911370, 12.00000000000000000 ) ) ;
#1959 = CARTESIAN_POINT ( 'NONE',  ( 7.000000000000000000, 33.66642435507827003, 0.000000000000000000 ) ) ;
#1960 = ORIENTED_EDGE ( 'NONE', *, *, #2191, .F. ) ;
#1961 = EDGE_CURVE ( 'NONE', #1725, #510, #1271, .T. ) ;
#1962 = FACE_BOUND ( 'NONE', #721, .T. ) ;
#1963 = DIRECTION ( 'NONE',  ( 1.000000000000000000, 0.000000000000000000, 0.000000000000000000 ) ) ;
#1964 = CARTESIAN_POINT ( 'NONE',  ( 46.65656273286868583, -33.66642435507836950, 12.00000000000000000 ) ) ;
#1965 = AXIS2_PLACEMENT_3D ( 'NONE', #1736, #1947, #1455 ) ;
#1966 = VERTEX_POINT ( 'NONE', #2227 ) ;
#1967 = ORIENTED_EDGE ( 'NONE', *, *, #526, .F. ) ;
#1968 = EDGE_LOOP ( 'NONE', ( #2228, #2627, #1277, #2726 ) ) ;
#1969 = CARTESIAN_POINT ( 'NONE',  ( -39.65656273286865030, -16.83321217753920251, -0.0009999999999992653654 ) ) ;
#1970 = DIRECTION ( 'NONE',  ( 0.000000000000000000, 0.000000000000000000, -1.000000000000000000 ) ) ;
#1971 = FACE_OUTER_BOUND ( 'NONE', #934, .T. ) ;
#1972 = DIRECTION ( 'NONE',  ( -1.000000000000000000, 0.000000000000000000, 0.000000000000000000 ) ) ;
#1973 = LINE ( 'NONE', #1300, #370 ) ;
#1974 = DIRECTION ( 'NONE',  ( 0.000000000000000000, 0.000000000000000000, 1.000000000000000000 ) ) ;
#1975 = EDGE_CURVE ( 'NONE', #252, #1251, #2922, .T. ) ;
#1976 = EDGE_CURVE ( 'NONE', #1251, #252, #2592, .T. ) ;
#1977 = DIRECTION ( 'NONE',  ( 0.000000000000000000, 0.000000000000000000, 1.000000000000000000 ) ) ;
#1978 = EDGE_CURVE ( 'NONE', #1801, #660, #420, .T. ) ;
#1979 = ADVANCED_FACE ( 'NONE', ( #432 ), #1813, .F. ) ;
#1980 = ORIENTED_EDGE ( 'NONE', *, *, #2712, .F. ) ;
#1981 = VERTEX_POINT ( 'NONE', #1857 ) ;
#1982 = VERTEX_POINT ( 'NONE', #2287 ) ;
#1983 = CARTESIAN_POINT ( 'NONE',  ( -86.31312546573734323, 16.83321217753912435, -0.0009999999999992653654 ) ) ;
#1984 = DIRECTION ( 'NONE',  ( -0.000000000000000000, -0.000000000000000000, 1.000000000000000000 ) ) ;
#1985 = DIRECTION ( 'NONE',  ( -0.000000000000000000, -0.000000000000000000, 1.000000000000000000 ) ) ;
#1986 = AXIS2_PLACEMENT_3D ( 'NONE', #1030, #1939, #2006 ) ;
#1987 = LINE ( 'NONE', #424, #677 ) ;
#1988 = ORIENTED_EDGE ( 'NONE', *, *, #1884, .T. ) ;
#1989 = DIRECTION ( 'NONE',  ( 1.000000000000000000, 0.000000000000000000, 0.000000000000000000 ) ) ;
#1990 = DIRECTION ( 'NONE',  ( 0.000000000000000000, 0.000000000000000000, 1.000000000000000000 ) ) ;
#1991 = ORIENTED_EDGE ( 'NONE', *, *, #784, .F. ) ;
#1992 = ORIENTED_EDGE ( 'NONE', *, *, #270, .F. ) ;
#1993 = DIRECTION ( 'NONE',  ( 0.000000000000000000, 0.000000000000000000, 1.000000000000000000 ) ) ;
#1994 = ADVANCED_FACE ( 'NONE', ( #2784 ), #1362, .F. ) ;
#1995 = VECTOR ( 'NONE', #1557, 1000.000000000000000 ) ;
#1996 = AXIS2_PLACEMENT_3D ( 'NONE', #704, #1645, #476 ) ;
#1997 = CARTESIAN_POINT ( 'NONE',  ( 19.82828136643435357, -8.416606088769631455, 12.00000000000000000 ) ) ;
#1998 = CARTESIAN_POINT ( 'NONE',  ( 59.48484409930301808, -8.416606088769631455, 0.000000000000000000 ) ) ;
#1999 = AXIS2_PLACEMENT_3D ( 'NONE', #1788, #2060, #2702 ) ;
#2000 = FACE_OUTER_BOUND ( 'NONE', #690, .T. ) ;
#2001 = EDGE_LOOP ( 'NONE', ( #879, #2788, #617, #1219 ) ) ;
#2002 = AXIS2_PLACEMENT_3D ( 'NONE', #2251, #930, #1385 ) ;
#2003 = DIRECTION ( 'NONE',  ( -0.000000000000000000, -0.000000000000000000, 1.000000000000000000 ) ) ;
#2004 = ORIENTED_EDGE ( 'NONE', *, *, #1482, .F. ) ;
#2005 = LINE ( 'NONE', #2902, #2798 ) ;
#2006 = DIRECTION ( 'NONE',  ( -1.000000000000000000, 0.000000000000000000, 0.000000000000000000 ) ) ;
#2007 = CIRCLE ( 'NONE', #730, 6.999999999999999112 ) ;
#2008 = ORIENTED_EDGE ( 'NONE', *, *, #2377, .F. ) ;
#2009 = AXIS2_PLACEMENT_3D ( 'NONE', #606, #1020, #2855 ) ;
#2010 = ORIENTED_EDGE ( 'NONE', *, *, #2718, .F. ) ;
#2011 = CARTESIAN_POINT ( 'NONE',  ( -79.31312546573732902, -16.83321217753920251, 0.000000000000000000 ) ) ;
#2012 = EDGE_CURVE ( 'NONE', #1396, #950, #759, .T. ) ;
#2013 = EDGE_CURVE ( 'NONE', #2038, #230, #2089, .T. ) ;
#2014 = CYLINDRICAL_SURFACE ( 'NONE', #389, 7.000000000000006217 ) ;
#2015 = CARTESIAN_POINT ( 'NONE',  ( -46.65656273286866451, 33.66642435507828424, -0.0009999999999992653654 ) ) ;
#2016 = ADVANCED_FACE ( 'NONE', ( #515 ), #285, .F. ) ;
#2017 = DIRECTION ( 'NONE',  ( -1.000000000000000000, 0.000000000000000000, 0.000000000000000000 ) ) ;
#2018 = VERTEX_POINT ( 'NONE', #2543 ) ;
#2019 = DIRECTION ( 'NONE',  ( 1.000000000000000000, 0.000000000000000000, 0.000000000000000000 ) ) ;
#2020 = ORIENTED_EDGE ( 'NONE', *, *, #2768, .T. ) ;
#2021 = DIRECTION ( 'NONE',  ( -0.000000000000000000, -0.000000000000000000, 1.000000000000000000 ) ) ;
#2022 = DIRECTION ( 'NONE',  ( -0.000000000000000000, -0.000000000000000000, 1.000000000000000000 ) ) ;
#2023 = ORIENTED_EDGE ( 'NONE', *, *, #2373, .F. ) ;
#2024 = VERTEX_POINT ( 'NONE', #1185 ) ;
#2025 = DIRECTION ( 'NONE',  ( -0.000000000000000000, -0.000000000000000000, 1.000000000000000000 ) ) ;
#2026 = CIRCLE ( 'NONE', #182, 7.000000000000000000 ) ;
#2027 = AXIS2_PLACEMENT_3D ( 'NONE', #1838, #758, #993 ) ;
#2028 = EDGE_CURVE ( 'NONE', #117, #1647, #513, .T. ) ;
#2029 = DIRECTION ( 'NONE',  ( -0.000000000000000000, -0.000000000000000000, 1.000000000000000000 ) ) ;
#2030 = LINE ( 'NONE', #2703, #2102 ) ;
#2031 = VERTEX_POINT ( 'NONE', #2486 ) ;
#2032 = EDGE_CURVE ( 'NONE', #714, #2638, #1129, .T. ) ;
#2033 = LINE ( 'NONE', #1, #1028 ) ;
#2034 = AXIS2_PLACEMENT_3D ( 'NONE', #1099, #1349, #2384 ) ;
#2035 = ORIENTED_EDGE ( 'NONE', *, *, #2286, .T. ) ;
#2036 = CARTESIAN_POINT ( 'NONE',  ( -39.65656273286866451, -4.510281037539698445E-14, 12.00000000000000000 ) ) ;
#2037 = DIRECTION ( 'NONE',  ( -0.000000000000000000, -0.000000000000000000, 1.000000000000000000 ) ) ;
#2038 = VERTEX_POINT ( 'NONE', #271 ) ;
#2039 = ORIENTED_EDGE ( 'NONE', *, *, #2413, .F. ) ;
#2040 = CARTESIAN_POINT ( 'NONE',  ( 66.48484409930303229, -25.24981826630878601, 12.00000000000000000 ) ) ;
#2041 = CIRCLE ( 'NONE', #1653, 6.999999999999999112 ) ;
#2042 = CIRCLE ( 'NONE', #1375, 6.999999999999999112 ) ;
#2043 = AXIS2_PLACEMENT_3D ( 'NONE', #2240, #457, #2888 ) ;
#2044 = CARTESIAN_POINT ( 'NONE',  ( -66.48484409930298966, -25.24981826630878246, 0.000000000000000000 ) ) ;
#2045 = FACE_OUTER_BOUND ( 'NONE', #335, .T. ) ;
#2046 = ORIENTED_EDGE ( 'NONE', *, *, #1793, .T. ) ;
#2047 = DIRECTION ( 'NONE',  ( 1.000000000000000000, 0.000000000000000000, 0.000000000000000000 ) ) ;
#2048 = ADVANCED_FACE ( 'NONE', ( #1641 ), #489, .F. ) ;
#2049 = EDGE_CURVE ( 'NONE', #468, #554, #897, .T. ) ;
#2050 = ORIENTED_EDGE ( 'NONE', *, *, #1451, .F. ) ;
#2051 = CIRCLE ( 'NONE', #297, 7.000000000000000000 ) ;
#2052 = DIRECTION ( 'NONE',  ( 0.000000000000000000, 1.000000000000000000, 0.000000000000000000 ) ) ;
#2053 = DIRECTION ( 'NONE',  ( 1.000000000000000000, 0.000000000000000000, 0.000000000000000000 ) ) ;
#2054 = ORIENTED_EDGE ( 'NONE', *, *, #1698, .F. ) ;
#2055 = APPLICATION_CONTEXT ( 'automotive_design' ) ;
#2056 = ORIENTED_EDGE ( 'NONE', *, *, #2264, .T. ) ;
#2057 = DIRECTION ( 'NONE',  ( 0.000000000000000000, 0.000000000000000000, 1.000000000000000000 ) ) ;
#2058 = AXIS2_PLACEMENT_3D ( 'NONE', #509, #724, #1619 ) ;
#2059 = ORIENTED_EDGE ( 'NONE', *, *, #705, .T. ) ;
#2060 = DIRECTION ( 'NONE',  ( -0.000000000000000000, -0.000000000000000000, 1.000000000000000000 ) ) ;
#2061 = LINE ( 'NONE', #773, #1387 ) ;
#2062 = VERTEX_POINT ( 'NONE', #2724 ) ;
#2063 = DIRECTION ( 'NONE',  ( 0.000000000000000000, 0.000000000000000000, 1.000000000000000000 ) ) ;
#2064 = VERTEX_POINT ( 'NONE', #241 ) ;
#2065 = EDGE_CURVE ( 'NONE', #405, #19, #1036, .T. ) ;
#2066 = ORIENTED_EDGE ( 'NONE', *, *, #767, .F. ) ;
#2067 = EDGE_LOOP ( 'NONE', ( #1075, #1960 ) ) ;
#2068 = DIRECTION ( 'NONE',  ( -0.000000000000000000, -0.000000000000000000, -1.000000000000000000 ) ) ;
#2069 = ORIENTED_EDGE ( 'NONE', *, *, #1925, .F. ) ;
#2070 = FACE_OUTER_BOUND ( 'NONE', #929, .T. ) ;
#2071 = DIRECTION ( 'NONE',  ( -1.000000000000000000, 0.000000000000000000, 0.000000000000000000 ) ) ;
#2072 = DIRECTION ( 'NONE',  ( 1.000000000000000000, 0.000000000000000000, 0.000000000000000000 ) ) ;
#2073 = EDGE_LOOP ( 'NONE', ( #1173, #1625 ) ) ;
#2074 = DIRECTION ( 'NONE',  ( -0.000000000000000000, -0.000000000000000000, 1.000000000000000000 ) ) ;
#2075 = EDGE_LOOP ( 'NONE', ( #473, #821, #1554, #1156 ) ) ;
#2076 = DIRECTION ( 'NONE',  ( 0.000000000000000000, 0.000000000000000000, 1.000000000000000000 ) ) ;
#2077 = MANIFOLD_SOLID_BREP ( 'Fill Pattern1', #583 ) ;
#2078 = ORIENTED_EDGE ( 'NONE', *, *, #2587, .T. ) ;
#2079 = LINE ( 'NONE', #1661, #1752 ) ;
#2080 = ORIENTED_EDGE ( 'NONE', *, *, #2013, .T. ) ;
#2081 = EDGE_CURVE ( 'NONE', #2654, #1152, #2831, .T. ) ;
#2082 = EDGE_CURVE ( 'NONE', #1923, #1566, #372, .T. ) ;
#2083 = LINE ( 'NONE', #54, #1056 ) ;
#2084 = DIRECTION ( 'NONE',  ( 1.000000000000000000, 0.000000000000000000, 0.000000000000000000 ) ) ;
#2085 = FACE_OUTER_BOUND ( 'NONE', #2374, .T. ) ;
#2086 = ORIENTED_EDGE ( 'NONE', *, *, #767, .T. ) ;
#2087 = CYLINDRICAL_SURFACE ( 'NONE', #2213, 7.000000000000006217 ) ;
#2088 = ORIENTED_EDGE ( 'NONE', *, *, #1356, .T. ) ;
#2089 = LINE ( 'NONE', #2328, #2313 ) ;
#2090 = AXIS2_PLACEMENT_3D ( 'NONE', #844, #1505, #2415 ) ;
#2091 = ORIENTED_EDGE ( 'NONE', *, *, #431, .T. ) ;
#2092 = LINE ( 'NONE', #539, #1372 ) ;
#2093 = CIRCLE ( 'NONE', #819, 7.000000000000006217 ) ;
#2094 = VERTEX_POINT ( 'NONE', #1273 ) ;
#2095 = VERTEX_POINT ( 'NONE', #1659 ) ;
#2096 = FACE_OUTER_BOUND ( 'NONE', #316, .T. ) ;
#2097 = CARTESIAN_POINT ( 'NONE',  ( 19.82828136643433936, 25.24981826630869008, -0.0009999999999992653654 ) ) ;
#2098 = CARTESIAN_POINT ( 'NONE',  ( -59.48484409930298966, -8.416606088769624350, -0.0009999999999992653654 ) ) ;
#2099 = EDGE_CURVE ( 'NONE', #50, #2654, #1495, .T. ) ;
#2100 = ADVANCED_FACE ( 'NONE', ( #2829 ), #153, .F. ) ;
#2101 = AXIS2_PLACEMENT_3D ( 'NONE', #1835, #1651, #754 ) ;
#2102 = VECTOR ( 'NONE', #1579, 1000.000000000000000 ) ;
#2103 = ORIENTED_EDGE ( 'NONE', *, *, #997, .F. ) ;
#2104 = CARTESIAN_POINT ( 'NONE',  ( -100.0000000000000142, 49.99999999999999289, 12.00000000000000000 ) ) ;
#2105 = CARTESIAN_POINT ( 'NONE',  ( -46.65656273286864320, -33.66642435507836950, 12.00000000000000000 ) ) ;
#2106 = EDGE_CURVE ( 'NONE', #2094, #2136, #2498, .T. ) ;
#2107 = ORIENTED_EDGE ( 'NONE', *, *, #941, .F. ) ;
#2108 = DIRECTION ( 'NONE',  ( -0.000000000000000000, -0.000000000000000000, 1.000000000000000000 ) ) ;
#2109 = ORIENTED_EDGE ( 'NONE', *, *, #131, .F. ) ;
#2110 = CARTESIAN_POINT ( 'NONE',  ( 46.65656273286867162, 33.66642435507827003, 12.00000000000000000 ) ) ;
#2111 = FACE_BOUND ( 'NONE', #2549, .T. ) ;
#2112 = ORIENTED_EDGE ( 'NONE', *, *, #2842, .F. ) ;
#2113 = EDGE_LOOP ( 'NONE', ( #1220, #490, #1312, #2266 ) ) ;
#2114 = CYLINDRICAL_SURFACE ( 'NONE', #1812, 6.999999999999999112 ) ;
#2115 = DIRECTION ( 'NONE',  ( -1.000000000000000000, 0.000000000000000000, 0.000000000000000000 ) ) ;
#2116 = CARTESIAN_POINT ( 'NONE',  ( -32.65656273286865030, -16.83321217753920251, 0.000000000000000000 ) ) ;
#2117 = CARTESIAN_POINT ( 'NONE',  ( -59.48484409930297545, -25.24981826630878246, 12.00000000000000000 ) ) ;
#2118 = FACE_OUTER_BOUND ( 'NONE', #130, .T. ) ;
#2119 = PRODUCT_DEFINITION_CONTEXT ( 'detailed design', #1326, 'design' ) ;
#2120 = ORIENTED_EDGE ( 'NONE', *, *, #311, .F. ) ;
#2121 = EDGE_CURVE ( 'NONE', #2885, #876, #1463, .T. ) ;
#2122 = DIRECTION ( 'NONE',  ( 1.000000000000000000, 0.000000000000000000, 0.000000000000000000 ) ) ;
#2123 = ORIENTED_EDGE ( 'NONE', *, *, #431, .F. ) ;
#2124 = DIRECTION ( 'NONE',  ( -1.000000000000000000, -0.000000000000000000, -0.000000000000000000 ) ) ;
#2125 = FACE_BOUND ( 'NONE', #2738, .T. ) ;
#2126 = AXIS2_PLACEMENT_3D ( 'NONE', #259, #1420, #458 ) ;
#2127 = VERTEX_POINT ( 'NONE', #2165 ) ;
#2128 = ORIENTED_EDGE ( 'NONE', *, *, #745, .T. ) ;
#2129 = AXIS2_PLACEMENT_3D ( 'NONE', #137, #2371, #1196 ) ;
#2130 = DIRECTION ( 'NONE',  ( -0.000000000000000000, -0.000000000000000000, 1.000000000000000000 ) ) ;
#2131 = FACE_OUTER_BOUND ( 'NONE', #1114, .T. ) ;
#2132 = FACE_BOUND ( 'NONE', #1753, .T. ) ;
#2133 = CIRCLE ( 'NONE', #380, 6.999999999999999112 ) ;
#2134 = CYLINDRICAL_SURFACE ( 'NONE', #1085, 7.000000000000006217 ) ;
#2135 = CARTESIAN_POINT ( 'NONE',  ( -6.999999999999979572, -16.83321217753920962, 12.00000000000000000 ) ) ;
#2136 = VERTEX_POINT ( 'NONE', #1011 ) ;
#2137 = CIRCLE ( 'NONE', #716, 6.999999999999999112 ) ;
#2138 = AXIS2_PLACEMENT_3D ( 'NONE', #65, #1422, #2518 ) ;
#2139 = CIRCLE ( 'NONE', #2653, 6.999999999999999112 ) ;
#2140 = DIRECTION ( 'NONE',  ( 0.000000000000000000, 0.000000000000000000, 1.000000000000000000 ) ) ;
#2141 = ADVANCED_FACE ( 'NONE', ( #2348 ), #2389, .F. ) ;
#2142 = ADVANCED_FACE ( 'NONE', ( #2590 ), #2803, .F. ) ;
#2143 = DIRECTION ( 'NONE',  ( -0.000000000000000000, -0.000000000000000000, 1.000000000000000000 ) ) ;
#2144 = ORIENTED_EDGE ( 'NONE', *, *, #1570, .T. ) ;
#2145 = VERTEX_POINT ( 'NONE', #331 ) ;
#2146 = CIRCLE ( 'NONE', #1476, 7.000000000000006217 ) ;
#2147 = DIRECTION ( 'NONE',  ( -0.000000000000000000, -0.000000000000000000, 1.000000000000000000 ) ) ;
#2148 = CARTESIAN_POINT ( 'NONE',  ( -72.31312546573731481, -16.83321217753920251, 0.000000000000000000 ) ) ;
#2149 = FACE_BOUND ( 'NONE', #9, .T. ) ;
#2150 = DIRECTION ( 'NONE',  ( -0.000000000000000000, -0.000000000000000000, 1.000000000000000000 ) ) ;
#2151 = CYLINDRICAL_SURFACE ( 'NONE', #1866, 6.999999999999999112 ) ;
#2152 = VECTOR ( 'NONE', #1386, 1000.000000000000000 ) ;
#2153 = AXIS2_PLACEMENT_3D ( 'NONE', #2164, #1686, #2615 ) ;
#2154 = FACE_OUTER_BOUND ( 'NONE', #269, .T. ) ;
#2155 = CARTESIAN_POINT ( 'NONE',  ( 2.081668171172168513E-14, -33.66642435507836950, 12.00000000000000000 ) ) ;
#2156 = EDGE_LOOP ( 'NONE', ( #2069, #2487, #377, #58 ) ) ;
#2157 = ORIENTED_EDGE ( 'NONE', *, *, #2049, .F. ) ;
#2158 = ORIENTED_EDGE ( 'NONE', *, *, #1426, .T. ) ;
#2159 = EDGE_CURVE ( 'NONE', #2018, #2253, #2454, .T. ) ;
#2160 = DIRECTION ( 'NONE',  ( 1.000000000000000000, 0.000000000000000000, 0.000000000000000000 ) ) ;
#2161 = DIRECTION ( 'NONE',  ( -0.000000000000000000, -0.000000000000000000, 1.000000000000000000 ) ) ;
#2162 = FACE_BOUND ( 'NONE', #1841, .T. ) ;
#2163 = DIRECTION ( 'NONE',  ( -1.000000000000000000, 0.000000000000000000, 0.000000000000000000 ) ) ;
#2164 = CARTESIAN_POINT ( 'NONE',  ( 2.081668171172168513E-14, -16.83321217753920962, 0.000000000000000000 ) ) ;
#2165 = CARTESIAN_POINT ( 'NONE',  ( -26.82828136643433581, 25.24981826630869008, 12.00000000000000000 ) ) ;
#2166 = CYLINDRICAL_SURFACE ( 'NONE', #590, 6.999999999999999112 ) ;
#2167 = ORIENTED_EDGE ( 'NONE', *, *, #1793, .F. ) ;
#2168 = VERTEX_POINT ( 'NONE', #1257 ) ;
#2169 = ORIENTED_EDGE ( 'NONE', *, *, #1978, .F. ) ;
#2170 = LINE ( 'NONE', #145, #560 ) ;
#2171 = DIRECTION ( 'NONE',  ( -1.000000000000000000, 0.000000000000000000, 0.000000000000000000 ) ) ;
#2172 = FACE_BOUND ( 'NONE', #703, .T. ) ;
#2173 = ADVANCED_FACE ( 'NONE', ( #317 ), #761, .F. ) ;
#2174 = EDGE_CURVE ( 'NONE', #80, #2891, #552, .T. ) ;
#2175 = VECTOR ( 'NONE', #791, 1000.000000000000000 ) ;
#2176 = LINE ( 'NONE', #1744, #346 ) ;
#2177 = CARTESIAN_POINT ( 'NONE',  ( 46.65656273286868583, -16.83321217753920962, -0.0009999999999992653654 ) ) ;
#2178 = EDGE_LOOP ( 'NONE', ( #360, #393, #632, #2185 ) ) ;
#2179 = VECTOR ( 'NONE', #2906, 1000.000000000000000 ) ;
#2180 = FACE_BOUND ( 'NONE', #1278, .T. ) ;
#2181 = DIRECTION ( 'NONE',  ( -0.000000000000000000, -0.000000000000000000, 1.000000000000000000 ) ) ;
#2182 = VECTOR ( 'NONE', #1878, 1000.000000000000000 ) ;
#2183 = DIRECTION ( 'NONE',  ( -0.000000000000000000, -0.000000000000000000, 1.000000000000000000 ) ) ;
#2184 = AXIS2_PLACEMENT_3D ( 'NONE', #1751, #863, #2668 ) ;
#2185 = ORIENTED_EDGE ( 'NONE', *, *, #1139, .T. ) ;
#2186 = VERTEX_POINT ( 'NONE', #127 ) ;
#2187 = ORIENTED_EDGE ( 'NONE', *, *, #1908, .F. ) ;
#2188 = CYLINDRICAL_SURFACE ( 'NONE', #1639, 6.999999999999999112 ) ;
#2189 = FACE_BOUND ( 'NONE', #449, .T. ) ;
#2190 = AXIS2_PLACEMENT_3D ( 'NONE', #2614, #1269, #2232 ) ;
#2191 = EDGE_CURVE ( 'NONE', #503, #2343, #2500, .T. ) ;
#2192 = EDGE_CURVE ( 'NONE', #26, #2891, #235, .T. ) ;
#2193 = AXIS2_PLACEMENT_3D ( 'NONE', #1384, #2551, #2321 ) ;
#2194 = CARTESIAN_POINT ( 'NONE',  ( 79.31312546573734323, -5.204170427930421283E-14, 12.00000000000000000 ) ) ;
#2195 = DIRECTION ( 'NONE',  ( -0.000000000000000000, -0.000000000000000000, 1.000000000000000000 ) ) ;
#2196 = CARTESIAN_POINT ( 'NONE',  ( 32.65656273286869293, -5.118445151990106680E-14, -0.0009999999999992653654 ) ) ;
#2197 = EDGE_CURVE ( 'NONE', #1128, #2352, #994, .T. ) ;
#2198 = EDGE_CURVE ( 'NONE', #643, #1042, #1466, .T. ) ;
#2199 = AXIS2_PLACEMENT_3D ( 'NONE', #2307, #1415, #56 ) ;
#2200 = CARTESIAN_POINT ( 'NONE',  ( -6.999999999999992895, 16.83321217753911370, -0.0009999999999992653654 ) ) ;
#2201 = DIRECTION ( 'NONE',  ( 0.000000000000000000, 0.000000000000000000, 1.000000000000000000 ) ) ;
#2202 = ORIENTED_EDGE ( 'NONE', *, *, #581, .T. ) ;
#2203 = ORIENTED_EDGE ( 'NONE', *, *, #2191, .T. ) ;
#2204 = EDGE_LOOP ( 'NONE', ( #2023, #1856, #2293, #538 ) ) ;
#2205 = DIRECTION ( 'NONE',  ( 1.000000000000000000, 0.000000000000000000, 0.000000000000000000 ) ) ;
#2206 = DIRECTION ( 'NONE',  ( -0.000000000000000000, -0.000000000000000000, 1.000000000000000000 ) ) ;
#2207 = CARTESIAN_POINT ( 'NONE',  ( 7.000000000000021316, -33.66642435507836950, -0.0009999999999992653654 ) ) ;
#2208 = DIRECTION ( 'NONE',  ( -1.000000000000000000, 0.000000000000000000, 0.000000000000000000 ) ) ;
#2209 = CYLINDRICAL_SURFACE ( 'NONE', #181, 7.000000000000006217 ) ;
#2210 = EDGE_CURVE ( 'NONE', #1949, #1398, #188, .T. ) ;
#2211 = ADVANCED_FACE ( 'NONE', ( #2154 ), #803, .F. ) ;
#2212 = LINE ( 'NONE', #183, #1142 ) ;
#2213 = AXIS2_PLACEMENT_3D ( 'NONE', #933, #484, #2525 ) ;
#2214 = ORIENTED_EDGE ( 'NONE', *, *, #401, .F. ) ;
#2215 = ORIENTED_EDGE ( 'NONE', *, *, #801, .T. ) ;
#2216 = CARTESIAN_POINT ( 'NONE',  ( -39.65656273286866451, 33.66642435507828424, 12.00000000000000000 ) ) ;
#2217 = DIRECTION ( 'NONE',  ( 0.000000000000000000, 0.000000000000000000, 1.000000000000000000 ) ) ;
#2218 = DIRECTION ( 'NONE',  ( -1.000000000000000000, 0.000000000000000000, 0.000000000000000000 ) ) ;
#2219 = AXIS2_PLACEMENT_3D ( 'NONE', #1572, #2161, #603 ) ;
#2220 = DIRECTION ( 'NONE',  ( -1.000000000000000000, 0.000000000000000000, 0.000000000000000000 ) ) ;
#2221 = VERTEX_POINT ( 'NONE', #1735 ) ;
#2222 = FACE_OUTER_BOUND ( 'NONE', #530, .T. ) ;
#2223 = ORIENTED_EDGE ( 'NONE', *, *, #2491, .F. ) ;
#2224 = DIRECTION ( 'NONE',  ( -0.000000000000000000, -0.000000000000000000, 1.000000000000000000 ) ) ;
#2225 = EDGE_CURVE ( 'NONE', #252, #1982, #834, .T. ) ;
#2226 = ADVANCED_FACE ( 'NONE', ( #611 ), #295, .F. ) ;
#2227 = CARTESIAN_POINT ( 'NONE',  ( 7.000000000000021316, -33.66642435507836950, 12.00000000000000000 ) ) ;
#2228 = ORIENTED_EDGE ( 'NONE', *, *, #1869, .F. ) ;
#2229 = EDGE_LOOP ( 'NONE', ( #1622, #1262 ) ) ;
#2230 = CARTESIAN_POINT ( 'NONE',  ( 19.82828136643435357, -25.24981826630878601, 12.00000000000000000 ) ) ;
#2231 = CIRCLE ( 'NONE', #952, 7.000000000000000000 ) ;
#2232 = DIRECTION ( 'NONE',  ( 1.000000000000000000, 0.000000000000000000, 0.000000000000000000 ) ) ;
#2233 = CARTESIAN_POINT ( 'NONE',  ( -59.48484409930298966, -8.416606088769624350, 12.00000000000000000 ) ) ;
#2234 = AXIS2_PLACEMENT_3D ( 'NONE', #1699, #2599, #2780 ) ;
#2235 = DIRECTION ( 'NONE',  ( 0.000000000000000000, 0.000000000000000000, 1.000000000000000000 ) ) ;
#2236 = ORIENTED_EDGE ( 'NONE', *, *, #561, .T. ) ;
#2237 = VECTOR ( 'NONE', #2572, 1000.000000000000000 ) ;
#2238 = LINE ( 'NONE', #862, #2361 ) ;
#2239 = ORIENTED_EDGE ( 'NONE', *, *, #1391, .T. ) ;
#2240 = CARTESIAN_POINT ( 'NONE',  ( -79.31312546573732902, 16.83321217753912435, 12.00000000000000000 ) ) ;
#2241 = CARTESIAN_POINT ( 'NONE',  ( -39.65656273286865030, -33.66642435507836950, 12.00000000000000000 ) ) ;
#2242 = AXIS2_PLACEMENT_3D ( 'NONE', #30, #465, #931 ) ;
#2243 = ORIENTED_EDGE ( 'NONE', *, *, #672, .T. ) ;
#2244 = CIRCLE ( 'NONE', #2666, 7.000000000000006217 ) ;
#2245 = CIRCLE ( 'NONE', #968, 6.999999999999999112 ) ;
#2246 = ORIENTED_EDGE ( 'NONE', *, *, #1798, .T. ) ;
#2247 = EDGE_CURVE ( 'NONE', #167, #80, #332, .T. ) ;
#2248 = CARTESIAN_POINT ( 'NONE',  ( -39.65656273286866451, 33.66642435507828424, -0.0009999999999992653654 ) ) ;
#2249 = DIRECTION ( 'NONE',  ( 0.000000000000000000, 0.000000000000000000, 1.000000000000000000 ) ) ;
#2250 = ADVANCED_FACE ( 'NONE', ( #1034 ), #1477, .F. ) ;
#2251 = CARTESIAN_POINT ( 'NONE',  ( -39.65656273286866451, 16.83321217753911370, 12.00000000000000000 ) ) ;
#2252 = CARTESIAN_POINT ( 'NONE',  ( 99.99999999999998579, 49.99999999999999289, 12.00000000000000000 ) ) ;
#2253 = VERTEX_POINT ( 'NONE', #341 ) ;
#2254 = CARTESIAN_POINT ( 'NONE',  ( -39.65656273286866451, 33.66642435507828424, 12.00000000000000000 ) ) ;
#2255 = ORIENTED_EDGE ( 'NONE', *, *, #311, .T. ) ;
#2256 = LINE ( 'NONE', #2697, #1520 ) ;
#2257 = CARTESIAN_POINT ( 'NONE',  ( 52.48484409930301808, -8.416606088769631455, 0.000000000000000000 ) ) ;
#2258 = VERTEX_POINT ( 'NONE', #1240 ) ;
#2259 = ORIENTED_EDGE ( 'NONE', *, *, #1642, .F. ) ;
#2260 = VERTEX_POINT ( 'NONE', #2386 ) ;
#2261 = AXIS2_PLACEMENT_3D ( 'NONE', #2457, #2267, #193 ) ;
#2262 = FACE_OUTER_BOUND ( 'NONE', #2542, .T. ) ;
#2263 = CARTESIAN_POINT ( 'NONE',  ( 39.65656273286868583, 16.83321217753911370, -0.0009999999999992653654 ) ) ;
#2264 = EDGE_CURVE ( 'NONE', #485, #284, #1319, .T. ) ;
#2265 = EDGE_CURVE ( 'NONE', #1383, #1321, #1368, .T. ) ;
#2266 = ORIENTED_EDGE ( 'NONE', *, *, #2924, .F. ) ;
#2267 = DIRECTION ( 'NONE',  ( -0.000000000000000000, -0.000000000000000000, 1.000000000000000000 ) ) ;
#2268 = AXIS2_PLACEMENT_3D ( 'NONE', #951, #2108, #2501 ) ;
#2269 = EDGE_LOOP ( 'NONE', ( #404, #1479 ) ) ;
#2270 = DIRECTION ( 'NONE',  ( 1.000000000000000000, 0.000000000000000000, 0.000000000000000000 ) ) ;
#2271 = AXIS2_PLACEMENT_3D ( 'NONE', #343, #596, #1229 ) ;
#2272 = SURFACE_SIDE_STYLE ('',( #1201 ) ) ;
#2273 = EDGE_LOOP ( 'NONE', ( #1665, #64, #2503, #1516 ) ) ;
#2274 = ORIENTED_EDGE ( 'NONE', *, *, #1286, .T. ) ;
#2275 = ORIENTED_EDGE ( 'NONE', *, *, #1353, .F. ) ;
#2276 = ORIENTED_EDGE ( 'NONE', *, *, #1083, .T. ) ;
#2277 = AXIS2_PLACEMENT_3D ( 'NONE', #450, #1599, #1174 ) ;
#2278 = VECTOR ( 'NONE', #415, 1000.000000000000000 ) ;
#2279 = DIRECTION ( 'NONE',  ( -0.000000000000000000, -0.000000000000000000, 1.000000000000000000 ) ) ;
#2280 = DIRECTION ( 'NONE',  ( -0.000000000000000000, -0.000000000000000000, 1.000000000000000000 ) ) ;
#2281 = VERTEX_POINT ( 'NONE', #774 ) ;
#2282 = EDGE_CURVE ( 'NONE', #2352, #1128, #2595, .T. ) ;
#2283 = CARTESIAN_POINT ( 'NONE',  ( 99.99999999999998579, -50.00000000000000711, 12.00000000000000000 ) ) ;
#2284 = AXIS2_PLACEMENT_3D ( 'NONE', #2719, #1578, #1354 ) ;
#2285 = EDGE_LOOP ( 'NONE', ( #1249, #1186 ) ) ;
#2286 = EDGE_CURVE ( 'NONE', #2859, #995, #1930, .T. ) ;
#2287 = CARTESIAN_POINT ( 'NONE',  ( -32.65656273286865030, -33.66642435507836950, 12.00000000000000000 ) ) ;
#2288 = ORIENTED_EDGE ( 'NONE', *, *, #838, .T. ) ;
#2289 = ORIENTED_EDGE ( 'NONE', *, *, #430, .T. ) ;
#2290 = CARTESIAN_POINT ( 'NONE',  ( -59.48484409930300387, 8.416606088769533756, -0.0009999999999992653654 ) ) ;
#2291 = CIRCLE ( 'NONE', #162, 7.000000000000006217 ) ;
#2292 = CIRCLE ( 'NONE', #1720, 6.999999999999999112 ) ;
#2293 = ORIENTED_EDGE ( 'NONE', *, *, #39, .T. ) ;
#2294 = LINE ( 'NONE', #957, #1382 ) ;
#2295 = CYLINDRICAL_SURFACE ( 'NONE', #1999, 7.000000000000006217 ) ;
#2296 = CARTESIAN_POINT ( 'NONE',  ( 39.65656273286868583, -5.204170427930421283E-14, 0.000000000000000000 ) ) ;
#2297 = VERTEX_POINT ( 'NONE', #562 ) ;
#2298 = CARTESIAN_POINT ( 'NONE',  ( -59.48484409930297545, -25.24981826630878246, -0.0009999999999992653654 ) ) ;
#2299 = ORIENTED_EDGE ( 'NONE', *, *, #705, .F. ) ;
#2300 = DIRECTION ( 'NONE',  ( -0.000000000000000000, -0.000000000000000000, 1.000000000000000000 ) ) ;
#2301 = EDGE_CURVE ( 'NONE', #2064, #2127, #421, .T. ) ;
#2302 = EDGE_LOOP ( 'NONE', ( #1573, #2120 ) ) ;
#2303 = DIRECTION ( 'NONE',  ( -0.000000000000000000, -0.000000000000000000, 1.000000000000000000 ) ) ;
#2304 = ORIENTED_EDGE ( 'NONE', *, *, #254, .F. ) ;
#2305 = LINE ( 'NONE', #1221, #2237 ) ;
#2306 = CARTESIAN_POINT ( 'NONE',  ( -39.65656273286866451, 16.83321217753911370, -0.0009999999999992653654 ) ) ;
#2307 = CARTESIAN_POINT ( 'NONE',  ( -79.31312546573732902, -4.510281037539698445E-14, 12.00000000000000000 ) ) ;
#2308 = AXIS2_PLACEMENT_3D ( 'NONE', #875, #1095, #2019 ) ;
#2309 = ORIENTED_EDGE ( 'NONE', *, *, #2909, .F. ) ;
#2310 = DIRECTION ( 'NONE',  ( 1.000000000000000000, 0.000000000000000000, 0.000000000000000000 ) ) ;
#2311 = ORIENTED_EDGE ( 'NONE', *, *, #905, .F. ) ;
#2312 =( NAMED_UNIT ( * ) PLANE_ANGLE_UNIT ( ) SI_UNIT ( $, .RADIAN. ) );
#2313 = VECTOR ( 'NONE', #1159, 1000.000000000000000 ) ;
#2314 = ORIENTED_EDGE ( 'NONE', *, *, #616, .F. ) ;
#2315 = DIRECTION ( 'NONE',  ( 1.000000000000000000, 0.000000000000000000, 0.000000000000000000 ) ) ;
#2316 = EDGE_CURVE ( 'NONE', #2221, #503, #977, .T. ) ;
#2317 = EDGE_CURVE ( 'NONE', #2755, #1948, #2540, .T. ) ;
#2318 = ORIENTED_EDGE ( 'NONE', *, *, #1302, .T. ) ;
#2319 = ADVANCED_FACE ( 'NONE', ( #1464 ), #2134, .F. ) ;
#2320 = ADVANCED_FACE ( 'NONE', ( #531 ), #2359, .F. ) ;
#2321 = DIRECTION ( 'NONE',  ( -1.000000000000000000, 0.000000000000000000, 0.000000000000000000 ) ) ;
#2322 = LINE ( 'NONE', #291, #2182 ) ;
#2323 = CARTESIAN_POINT ( 'NONE',  ( -52.48484409930297545, -25.24981826630878246, 0.000000000000000000 ) ) ;
#2324 = ORIENTED_EDGE ( 'NONE', *, *, #1448, .F. ) ;
#2325 = CARTESIAN_POINT ( 'NONE',  ( 59.48484409930301808, 25.24981826630869008, 0.000000000000000000 ) ) ;
#2326 = CARTESIAN_POINT ( 'NONE',  ( -66.48484409930298966, -25.24981826630878246, -0.0009999999999992653654 ) ) ;
#2327 = ORIENTED_EDGE ( 'NONE', *, *, #345, .T. ) ;
#2328 = CARTESIAN_POINT ( 'NONE',  ( -100.0000000000000142, -50.00000000000000711, 12.00000000000000000 ) ) ;
#2329 = AXIS2_PLACEMENT_3D ( 'NONE', #1916, #2816, #788 ) ;
#2330 = AXIS2_PLACEMENT_3D ( 'NONE', #2914, #891, #921 ) ;
#2331 = EDGE_LOOP ( 'NONE', ( #1924, #1586 ) ) ;
#2332 = CARTESIAN_POINT ( 'NONE',  ( 86.31312546573735744, -5.204170427930421283E-14, -0.0009999999999992653654 ) ) ;
#2333 = VECTOR ( 'NONE', #1913, 1000.000000000000000 ) ;
#2334 = DIRECTION ( 'NONE',  ( -1.000000000000000000, 0.000000000000000000, 0.000000000000000000 ) ) ;
#2335 = ORIENTED_EDGE ( 'NONE', *, *, #364, .T. ) ;
#2336 = VERTEX_POINT ( 'NONE', #1225 ) ;
#2337 = CARTESIAN_POINT ( 'NONE',  ( -19.82828136643433226, 25.24981826630869008, 0.000000000000000000 ) ) ;
#2338 = DIRECTION ( 'NONE',  ( -1.000000000000000000, 0.000000000000000000, 0.000000000000000000 ) ) ;
#2339 = LINE ( 'NONE', #280, #1819 ) ;
#2340 = EDGE_CURVE ( 'NONE', #92, #918, #799, .T. ) ;
#2341 = EDGE_CURVE ( 'NONE', #493, #2380, #1239, .T. ) ;
#2342 = AXIS2_PLACEMENT_3D ( 'NONE', #1435, #1608, #978 ) ;
#2343 = VERTEX_POINT ( 'NONE', #2557 ) ;
#2344 = CIRCLE ( 'NONE', #1868, 6.999999999999999112 ) ;
#2345 = CARTESIAN_POINT ( 'NONE',  ( 52.48484409930301808, 25.24981826630869008, 0.000000000000000000 ) ) ;
#2346 = CYLINDRICAL_SURFACE ( 'NONE', #120, 7.000000000000000000 ) ;
#2347 = ORIENTED_EDGE ( 'NONE', *, *, #2099, .F. ) ;
#2348 = FACE_OUTER_BOUND ( 'NONE', #1014, .T. ) ;
#2349 = VERTEX_POINT ( 'NONE', #1434 ) ;
#2350 = CARTESIAN_POINT ( 'NONE',  ( -26.82828136643431449, -25.24981826630878601, 0.000000000000000000 ) ) ;
#2351 = FACE_BOUND ( 'NONE', #2782, .T. ) ;
#2352 = VERTEX_POINT ( 'NONE', #2345 ) ;
#2353 = ORIENTED_EDGE ( 'NONE', *, *, #2013, .F. ) ;
#2354 = CYLINDRICAL_SURFACE ( 'NONE', #2610, 7.000000000000006217 ) ;
#2355 = DIRECTION ( 'NONE',  ( -0.000000000000000000, -0.000000000000000000, 1.000000000000000000 ) ) ;
#2356 = DIRECTION ( 'NONE',  ( 1.000000000000000000, 0.000000000000000000, 0.000000000000000000 ) ) ;
#2357 = ADVANCED_FACE ( 'NONE', ( #313 ), #110, .F. ) ;
#2358 = ADVANCED_FACE ( 'NONE', ( #1685 ), #422, .F. ) ;
#2359 = CYLINDRICAL_SURFACE ( 'NONE', #912, 7.000000000000006217 ) ;
#2360 = CARTESIAN_POINT ( 'NONE',  ( 99.99999999999998579, -50.00000000000000711, 0.000000000000000000 ) ) ;
#2361 = VECTOR ( 'NONE', #1539, 1000.000000000000000 ) ;
#2362 = ORIENTED_EDGE ( 'NONE', *, *, #1796, .F. ) ;
#2363 = CARTESIAN_POINT ( 'NONE',  ( 52.48484409930301808, -8.416606088769631455, -0.0009999999999992653654 ) ) ;
#2364 = DIRECTION ( 'NONE',  ( -0.000000000000000000, -0.000000000000000000, 1.000000000000000000 ) ) ;
#2365 = AXIS2_PLACEMENT_3D ( 'NONE', #578, #140, #536 ) ;
#2366 = ORIENTED_EDGE ( 'NONE', *, *, #1104, .F. ) ;
#2367 = EDGE_LOOP ( 'NONE', ( #1666, #2478, #1259, #1606 ) ) ;
#2368 = LINE ( 'NONE', #1983, #1027 ) ;
#2369 = DIRECTION ( 'NONE',  ( 0.000000000000000000, 0.000000000000000000, 1.000000000000000000 ) ) ;
#2370 = FACE_OUTER_BOUND ( 'NONE', #1968, .T. ) ;
#2371 = DIRECTION ( 'NONE',  ( 0.000000000000000000, 0.000000000000000000, 1.000000000000000000 ) ) ;
#2372 = CARTESIAN_POINT ( 'NONE',  ( -79.31312546573732902, -16.83321217753920251, 12.00000000000000000 ) ) ;
#2373 = EDGE_CURVE ( 'NONE', #2024, #2559, #2606, .T. ) ;
#2374 = EDGE_LOOP ( 'NONE', ( #1296, #2039, #2890, #646 ) ) ;
#2375 = CIRCLE ( 'NONE', #428, 6.999999999999999112 ) ;
#2376 = DIRECTION ( 'NONE',  ( -0.000000000000000000, -0.000000000000000000, 1.000000000000000000 ) ) ;
#2377 = EDGE_CURVE ( 'NONE', #392, #937, #1427, .T. ) ;
#2378 = DIRECTION ( 'NONE',  ( -0.000000000000000000, -0.000000000000000000, 1.000000000000000000 ) ) ;
#2379 = VECTOR ( 'NONE', #1009, 1000.000000000000000 ) ;
#2380 = VERTEX_POINT ( 'NONE', #163 ) ;
#2381 = ORIENTED_EDGE ( 'NONE', *, *, #2569, .F. ) ;
#2382 = VECTOR ( 'NONE', #278, 1000.000000000000000 ) ;
#2383 = CARTESIAN_POINT ( 'NONE',  ( -100.0000000000000142, -50.00000000000000711, 0.000000000000000000 ) ) ;
#2384 = DIRECTION ( 'NONE',  ( -1.000000000000000000, 0.000000000000000000, 0.000000000000000000 ) ) ;
#2385 = FACE_BOUND ( 'NONE', #793, .T. ) ;
#2386 = CARTESIAN_POINT ( 'NONE',  ( 26.82828136643434291, 25.24981826630869008, 0.000000000000000000 ) ) ;
#2387 = CARTESIAN_POINT ( 'NONE',  ( -12.82828136643431272, -8.416606088769624350, 0.000000000000000000 ) ) ;
#2388 = AXIS2_PLACEMENT_3D ( 'NONE', #266, #990, #2777 ) ;
#2389 = CYLINDRICAL_SURFACE ( 'NONE', #802, 6.999999999999999112 ) ;
#2390 = CARTESIAN_POINT ( 'NONE',  ( 39.65656273286868583, 16.83321217753911370, -0.0009999999999992653654 ) ) ;
#2391 = EDGE_CURVE ( 'NONE', #950, #865, #2854, .T. ) ;
#2392 = ORIENTED_EDGE ( 'NONE', *, *, #2495, .F. ) ;
#2393 = ORIENTED_EDGE ( 'NONE', *, *, #1626, .T. ) ;
#2394 = EDGE_LOOP ( 'NONE', ( #1705, #2626 ) ) ;
#2395 = CARTESIAN_POINT ( 'NONE',  ( -100.0000000000000142, -50.00000000000000711, 12.00000000000000000 ) ) ;
#2396 = CARTESIAN_POINT ( 'NONE',  ( -59.48484409930297545, -25.24981826630878246, -0.0009999999999992653654 ) ) ;
#2397 = DIRECTION ( 'NONE',  ( -0.000000000000000000, -0.000000000000000000, 1.000000000000000000 ) ) ;
#2398 = CARTESIAN_POINT ( 'NONE',  ( 59.48484409930301808, 25.24981826630869008, 12.00000000000000000 ) ) ;
#2399 = DIRECTION ( 'NONE',  ( -0.000000000000000000, -0.000000000000000000, 1.000000000000000000 ) ) ;
#2400 = FACE_BOUND ( 'NONE', #1876, .T. ) ;
#2401 = CARTESIAN_POINT ( 'NONE',  ( 59.48484409930301808, 25.24981826630869008, 12.00000000000000000 ) ) ;
#2402 = CIRCLE ( 'NONE', #2588, 6.999999999999999112 ) ;
#2403 = DIRECTION ( 'NONE',  ( 1.000000000000000000, 0.000000000000000000, 0.000000000000000000 ) ) ;
#2404 = ORIENTED_EDGE ( 'NONE', *, *, #2032, .F. ) ;
#2405 = ORIENTED_EDGE ( 'NONE', *, *, #1083, .F. ) ;
#2406 = ORIENTED_EDGE ( 'NONE', *, *, #466, .F. ) ;
#2407 = ADVANCED_FACE ( 'NONE', ( #148 ), #636, .F. ) ;
#2408 = DIRECTION ( 'NONE',  ( -0.000000000000000000, -0.000000000000000000, 1.000000000000000000 ) ) ;
#2409 = AXIS2_PLACEMENT_3D ( 'NONE', #1611, #22, #732 ) ;
#2410 = DIRECTION ( 'NONE',  ( 1.000000000000000000, 0.000000000000000000, 0.000000000000000000 ) ) ;
#2411 = FACE_BOUND ( 'NONE', #2774, .T. ) ;
#2412 = EDGE_CURVE ( 'NONE', #1398, #1949, #1288, .T. ) ;
#2413 = EDGE_CURVE ( 'NONE', #585, #2832, #203, .T. ) ;
#2414 = AXIS2_PLACEMENT_3D ( 'NONE', #76, #1255, #1449 ) ;
#2415 = DIRECTION ( 'NONE',  ( 1.000000000000000000, 0.000000000000000000, 0.000000000000000000 ) ) ;
#2416 = DIRECTION ( 'NONE',  ( 1.000000000000000000, 0.000000000000000000, 0.000000000000000000 ) ) ;
#2417 = CARTESIAN_POINT ( 'NONE',  ( 72.31312546573734323, 16.83321217753910659, 12.00000000000000000 ) ) ;
#2418 = VERTEX_POINT ( 'NONE', #407 ) ;
#2419 = AXIS2_PLACEMENT_3D ( 'NONE', #2011, #1587, #1772 ) ;
#2420 = DIRECTION ( 'NONE',  ( 0.000000000000000000, 0.000000000000000000, 1.000000000000000000 ) ) ;
#2421 = CIRCLE ( 'NONE', #572, 7.000000000000000000 ) ;
#2422 = DIRECTION ( 'NONE',  ( -0.000000000000000000, -0.000000000000000000, 1.000000000000000000 ) ) ;
#2423 = CIRCLE ( 'NONE', #386, 7.000000000000006217 ) ;
#2424 = ORIENTED_EDGE ( 'NONE', *, *, #2494, .F. ) ;
#2425 = ORIENTED_EDGE ( 'NONE', *, *, #1318, .F. ) ;
#2426 = ORIENTED_EDGE ( 'NONE', *, *, #1451, .T. ) ;
#2427 = DIRECTION ( 'NONE',  ( -0.000000000000000000, -0.000000000000000000, 1.000000000000000000 ) ) ;
#2428 = DIRECTION ( 'NONE',  ( 1.000000000000000000, 0.000000000000000000, 0.000000000000000000 ) ) ;
#2429 = CIRCLE ( 'NONE', #2846, 6.999999999999999112 ) ;
#2430 = DIRECTION ( 'NONE',  ( -0.000000000000000000, -0.000000000000000000, 1.000000000000000000 ) ) ;
#2431 = LINE ( 'NONE', #1931, #1199 ) ;
#2432 = EDGE_CURVE ( 'NONE', #2524, #1748, #1051, .T. ) ;
#2433 = FACE_OUTER_BOUND ( 'NONE', #350, .T. ) ;
#2434 = FACE_BOUND ( 'NONE', #1629, .T. ) ;
#2435 = DIRECTION ( 'NONE',  ( -0.000000000000000000, -0.000000000000000000, 1.000000000000000000 ) ) ;
#2436 = EDGE_LOOP ( 'NONE', ( #2167, #433 ) ) ;
#2437 = ORIENTED_EDGE ( 'NONE', *, *, #1792, .T. ) ;
#2438 = ORIENTED_EDGE ( 'NONE', *, *, #1467, .T. ) ;
#2439 = DIRECTION ( 'NONE',  ( -0.000000000000000000, -0.000000000000000000, 1.000000000000000000 ) ) ;
#2440 = DIRECTION ( 'NONE',  ( -0.000000000000000000, -0.000000000000000000, 1.000000000000000000 ) ) ;
#2441 = DIRECTION ( 'NONE',  ( -0.000000000000000000, -0.000000000000000000, 1.000000000000000000 ) ) ;
#2442 = ORIENTED_EDGE ( 'NONE', *, *, #2694, .F. ) ;
#2443 = EDGE_CURVE ( 'NONE', #2891, #26, #1615, .T. ) ;
#2444 = EDGE_CURVE ( 'NONE', #1086, #301, #436, .T. ) ;
#2445 = DIRECTION ( 'NONE',  ( 0.000000000000000000, 0.000000000000000000, 1.000000000000000000 ) ) ;
#2446 = ORIENTED_EDGE ( 'NONE', *, *, #520, .T. ) ;
#2447 = LINE ( 'NONE', #1529, #247 ) ;
#2448 = AXIS2_PLACEMENT_3D ( 'NONE', #683, #1808, #455 ) ;
#2449 = EDGE_LOOP ( 'NONE', ( #1631, #2923 ) ) ;
#2450 = VERTEX_POINT ( 'NONE', #2894 ) ;
#2451 = DIRECTION ( 'NONE',  ( 0.000000000000000000, 0.000000000000000000, 1.000000000000000000 ) ) ;
#2452 = DIRECTION ( 'NONE',  ( -0.000000000000000000, -0.000000000000000000, 1.000000000000000000 ) ) ;
#2453 = DIRECTION ( 'NONE',  ( -1.000000000000000000, 0.000000000000000000, 0.000000000000000000 ) ) ;
#2454 = CIRCLE ( 'NONE', #1600, 7.000000000000006217 ) ;
#2455 = CARTESIAN_POINT ( 'NONE',  ( -59.48484409930300387, 25.24981826630870430, -0.0009999999999992653654 ) ) ;
#2456 = VERTEX_POINT ( 'NONE', #605 ) ;
#2457 = CARTESIAN_POINT ( 'NONE',  ( 59.48484409930301808, -25.24981826630878601, 0.000000000000000000 ) ) ;
#2458 = ORIENTED_EDGE ( 'NONE', *, *, #1737, .F. ) ;
#2459 = LINE ( 'NONE', #687, #2278 ) ;
#2460 = DIRECTION ( 'NONE',  ( 0.000000000000000000, 0.000000000000000000, 1.000000000000000000 ) ) ;
#2461 = EDGE_CURVE ( 'NONE', #543, #1177, #1765, .T. ) ;
#2462 = ORIENTED_EDGE ( 'NONE', *, *, #2286, .F. ) ;
#2463 = EDGE_LOOP ( 'NONE', ( #2239, #2274 ) ) ;
#2464 = DIRECTION ( 'NONE',  ( -1.000000000000000000, 0.000000000000000000, 0.000000000000000000 ) ) ;
#2465 = FACE_OUTER_BOUND ( 'NONE', #2734, .T. ) ;
#2466 = DIRECTION ( 'NONE',  ( -0.000000000000000000, -0.000000000000000000, 1.000000000000000000 ) ) ;
#2467 = VECTOR ( 'NONE', #2206, 1000.000000000000000 ) ;
#2468 = DIRECTION ( 'NONE',  ( -0.000000000000000000, -0.000000000000000000, 1.000000000000000000 ) ) ;
#2469 = AXIS2_PLACEMENT_3D ( 'NONE', #1617, #494, #479 ) ;
#2470 = CARTESIAN_POINT ( 'NONE',  ( 2.081668171172168513E-14, -16.83321217753920962, -0.0009999999999992653654 ) ) ;
#2471 = ORIENTED_EDGE ( 'NONE', *, *, #2028, .F. ) ;
#2472 = DIRECTION ( 'NONE',  ( -0.000000000000000000, -0.000000000000000000, 1.000000000000000000 ) ) ;
#2473 = DIRECTION ( 'NONE',  ( -0.000000000000000000, -0.000000000000000000, 1.000000000000000000 ) ) ;
#2474 = ORIENTED_EDGE ( 'NONE', *, *, #1374, .F. ) ;
#2475 = AXIS2_PLACEMENT_3D ( 'NONE', #1917, #125, #342 ) ;
#2476 = AXIS2_PLACEMENT_3D ( 'NONE', #837, #2636, #612 ) ;
#2477 = ORIENTED_EDGE ( 'NONE', *, *, #672, .F. ) ;
#2478 = ORIENTED_EDGE ( 'NONE', *, *, #1374, .T. ) ;
#2479 = ADVANCED_FACE ( 'NONE', ( #1971 ), #205, .F. ) ;
#2480 = CARTESIAN_POINT ( 'NONE',  ( -79.31312546573732902, -16.83321217753920251, 0.000000000000000000 ) ) ;
#2481 = CARTESIAN_POINT ( 'NONE',  ( 66.48484409930303229, 25.24981826630869008, 12.00000000000000000 ) ) ;
#2482 = ORIENTED_EDGE ( 'NONE', *, *, #2672, .F. ) ;
#2483 = CYLINDRICAL_SURFACE ( 'NONE', #1454, 7.000000000000006217 ) ;
#2484 = EDGE_LOOP ( 'NONE', ( #1214, #2202, #2809, #243 ) ) ;
#2485 = DIRECTION ( 'NONE',  ( -0.000000000000000000, -0.000000000000000000, 1.000000000000000000 ) ) ;
#2486 = CARTESIAN_POINT ( 'NONE',  ( -12.82828136643431449, -25.24981826630878601, 12.00000000000000000 ) ) ;
#2487 = ORIENTED_EDGE ( 'NONE', *, *, #1391, .F. ) ;
#2488 = ORIENTED_EDGE ( 'NONE', *, *, #1737, .T. ) ;
#2489 = DIRECTION ( 'NONE',  ( -0.000000000000000000, -0.000000000000000000, 1.000000000000000000 ) ) ;
#2490 = EDGE_CURVE ( 'NONE', #1320, #2031, #114, .T. ) ;
#2491 = EDGE_CURVE ( 'NONE', #2094, #1040, #2176, .T. ) ;
#2492 = CARTESIAN_POINT ( 'NONE',  ( -19.82828136643432870, 8.416606088769533756, -0.0009999999999992653654 ) ) ;
#2493 = DIRECTION ( 'NONE',  ( -1.000000000000000000, 0.000000000000000000, 0.000000000000000000 ) ) ;
#2494 = EDGE_CURVE ( 'NONE', #2168, #2821, #676, .T. ) ;
#2495 = EDGE_CURVE ( 'NONE', #2281, #1981, #397, .T. ) ;
#2496 = ORIENTED_EDGE ( 'NONE', *, *, #838, .F. ) ;
#2497 = DIRECTION ( 'NONE',  ( -1.000000000000000000, 0.000000000000000000, 0.000000000000000000 ) ) ;
#2498 = CIRCLE ( 'NONE', #2365, 7.000000000000006217 ) ;
#2499 = VERTEX_POINT ( 'NONE', #2882 ) ;
#2500 = CIRCLE ( 'NONE', #1133, 6.999999999999999112 ) ;
#2501 = DIRECTION ( 'NONE',  ( 1.000000000000000000, 0.000000000000000000, 0.000000000000000000 ) ) ;
#2502 = ORIENTED_EDGE ( 'NONE', *, *, #255, .F. ) ;
#2503 = ORIENTED_EDGE ( 'NONE', *, *, #254, .T. ) ;
#2504 = LINE ( 'NONE', #1381, #1757 ) ;
#2505 = EDGE_LOOP ( 'NONE', ( #2534, #1402 ) ) ;
#2506 = CIRCLE ( 'NONE', #1517, 6.999999999999999112 ) ;
#2507 = CIRCLE ( 'NONE', #108, 6.999999999999999112 ) ;
#2508 = CARTESIAN_POINT ( 'NONE',  ( -86.31312546573734323, -4.424555761599383842E-14, 12.00000000000000000 ) ) ;
#2509 = FACE_OUTER_BOUND ( 'NONE', #1458, .T. ) ;
#2510 = DIRECTION ( 'NONE',  ( -0.000000000000000000, -0.000000000000000000, 1.000000000000000000 ) ) ;
#2511 = VERTEX_POINT ( 'NONE', #856 ) ;
#2512 = EDGE_CURVE ( 'NONE', #167, #26, #1761, .T. ) ;
#2513 = DIRECTION ( 'NONE',  ( 1.000000000000000000, 0.000000000000000000, 0.000000000000000000 ) ) ;
#2514 = ORIENTED_EDGE ( 'NONE', *, *, #835, .F. ) ;
#2515 = CARTESIAN_POINT ( 'NONE',  ( 39.65656273286868583, 16.83321217753911370, 12.00000000000000000 ) ) ;
#2516 = VERTEX_POINT ( 'NONE', #871 ) ;
#2517 = VERTEX_POINT ( 'NONE', #1774 ) ;
#2518 = DIRECTION ( 'NONE',  ( 1.000000000000000000, 0.000000000000000000, 0.000000000000000000 ) ) ;
#2519 = CIRCLE ( 'NONE', #635, 6.999999999999999112 ) ;
#2520 = VERTEX_POINT ( 'NONE', #2688 ) ;
#2521 = LINE ( 'NONE', #1670, #2333 ) ;
#2522 = CARTESIAN_POINT ( 'NONE',  ( 59.48484409930301808, 8.416606088769526650, -0.0009999999999992653654 ) ) ;
#2523 = LINE ( 'NONE', #250, #2898 ) ;
#2524 = VERTEX_POINT ( 'NONE', #439 ) ;
#2525 = DIRECTION ( 'NONE',  ( 1.000000000000000000, 0.000000000000000000, 0.000000000000000000 ) ) ;
#2526 = UNCERTAINTY_MEASURE_WITH_UNIT (LENGTH_MEASURE( 1.000000000000000082E-05 ), #500, 'distance_accuracy_value', 'NONE');
#2527 = EDGE_CURVE ( 'NONE', #615, #702, #1667, .T. ) ;
#2528 = ADVANCED_FACE ( 'NONE', ( #464 ), #12, .F. ) ;
#2529 = ORIENTED_EDGE ( 'NONE', *, *, #2174, .F. ) ;
#2530 = CARTESIAN_POINT ( 'NONE',  ( -59.48484409930300387, 8.416606088769533756, -0.0009999999999992653654 ) ) ;
#2531 = EDGE_CURVE ( 'NONE', #2336, #1810, #2146, .T. ) ;
#2532 = ORIENTED_EDGE ( 'NONE', *, *, #980, .F. ) ;
#2533 = DIRECTION ( 'NONE',  ( -0.000000000000000000, -0.000000000000000000, 1.000000000000000000 ) ) ;
#2534 = ORIENTED_EDGE ( 'NONE', *, *, #95, .F. ) ;
#2535 = DIRECTION ( 'NONE',  ( 1.000000000000000000, 0.000000000000000000, 0.000000000000000000 ) ) ;
#2536 = LINE ( 'NONE', #558, #1325 ) ;
#2537 = CARTESIAN_POINT ( 'NONE',  ( 0.000000000000000000, 0.000000000000000000, 0.000000000000000000 ) ) ;
#2538 = CIRCLE ( 'NONE', #2916, 6.999999999999999112 ) ;
#2539 = ORIENTED_EDGE ( 'NONE', *, *, #1356, .F. ) ;
#2540 = LINE ( 'NONE', #757, #1227 ) ;
#2541 = CARTESIAN_POINT ( 'NONE',  ( -72.31312546573732902, 16.83321217753912435, -0.0009999999999992653654 ) ) ;
#2542 = EDGE_LOOP ( 'NONE', ( #2767, #1306, #1335, #735 ) ) ;
#2543 = CARTESIAN_POINT ( 'NONE',  ( 52.48484409930301808, 8.416606088769526650, 12.00000000000000000 ) ) ;
#2544 = AXIS2_PLACEMENT_3D ( 'NONE', #1453, #2376, #358 ) ;
#2545 = VERTEX_POINT ( 'NONE', #2044 ) ;
#2546 = DIRECTION ( 'NONE',  ( -0.000000000000000000, -0.000000000000000000, 1.000000000000000000 ) ) ;
#2547 = EDGE_CURVE ( 'NONE', #2062, #1582, #2429, .T. ) ;
#2548 = CARTESIAN_POINT ( 'NONE',  ( -59.48484409930297545, -25.24981826630878246, 12.00000000000000000 ) ) ;
#2549 = EDGE_LOOP ( 'NONE', ( #2425, #307 ) ) ;
#2550 = ORIENTED_EDGE ( 'NONE', *, *, #1318, .T. ) ;
#2551 = DIRECTION ( 'NONE',  ( -0.000000000000000000, -0.000000000000000000, 1.000000000000000000 ) ) ;
#2552 = DIRECTION ( 'NONE',  ( 1.000000000000000000, 0.000000000000000000, 0.000000000000000000 ) ) ;
#2553 = FACE_OUTER_BOUND ( 'NONE', #651, .T. ) ;
#2554 = CIRCLE ( 'NONE', #1704, 6.999999999999999112 ) ;
#2555 = ORIENTED_EDGE ( 'NONE', *, *, #710, .F. ) ;
#2556 = VECTOR ( 'NONE', #1315, 1000.000000000000000 ) ;
#2557 = CARTESIAN_POINT ( 'NONE',  ( -12.82828136643432693, 8.416606088769533756, 12.00000000000000000 ) ) ;
#2558 = LINE ( 'NONE', #314, #1388 ) ;
#2559 = VERTEX_POINT ( 'NONE', #480 ) ;
#2560 = CARTESIAN_POINT ( 'NONE',  ( -46.65656273286866451, 16.83321217753911370, -0.0009999999999992653654 ) ) ;
#2561 = CIRCLE ( 'NONE', #482, 7.000000000000000000 ) ;
#2562 = CIRCLE ( 'NONE', #2330, 7.000000000000006217 ) ;
#2563 = ORIENTED_EDGE ( 'NONE', *, *, #1047, .T. ) ;
#2564 = LINE ( 'NONE', #939, #2743 ) ;
#2565 = CIRCLE ( 'NONE', #1291, 7.000000000000006217 ) ;
#2566 = DIRECTION ( 'NONE',  ( -0.000000000000000000, -0.000000000000000000, 1.000000000000000000 ) ) ;
#2567 = EDGE_LOOP ( 'NONE', ( #1679, #83 ) ) ;
#2568 = ORIENTED_EDGE ( 'NONE', *, *, #2924, .T. ) ;
#2569 = EDGE_CURVE ( 'NONE', #2559, #2024, #1809, .T. ) ;
#2570 = ADVANCED_FACE ( 'NONE', ( #2465 ), #1618, .F. ) ;
#2571 = AXIS2_PLACEMENT_3D ( 'NONE', #959, #1865, #1634 ) ;
#2572 = DIRECTION ( 'NONE',  ( -0.000000000000000000, -0.000000000000000000, 1.000000000000000000 ) ) ;
#2573 = FACE_OUTER_BOUND ( 'NONE', #2178, .T. ) ;
#2574 = DIRECTION ( 'NONE',  ( -0.000000000000000000, -0.000000000000000000, 1.000000000000000000 ) ) ;
#2575 = CARTESIAN_POINT ( 'NONE',  ( -59.48484409930300387, 25.24981826630870430, 0.000000000000000000 ) ) ;
#2576 = LINE ( 'NONE', #2326, #1341 ) ;
#2577 = ORIENTED_EDGE ( 'NONE', *, *, #1815, .T. ) ;
#2578 = CARTESIAN_POINT ( 'NONE',  ( -19.82828136643432870, 8.416606088769533756, 12.00000000000000000 ) ) ;
#2579 = CARTESIAN_POINT ( 'NONE',  ( 7.000000000000021316, -16.83321217753920962, 12.00000000000000000 ) ) ;
#2580 = EDGE_LOOP ( 'NONE', ( #459, #712, #906, #1188 ) ) ;
#2581 = ORIENTED_EDGE ( 'NONE', *, *, #2695, .F. ) ;
#2582 = DIRECTION ( 'NONE',  ( -1.000000000000000000, 0.000000000000000000, 0.000000000000000000 ) ) ;
#2583 = CARTESIAN_POINT ( 'NONE',  ( -26.82828136643431094, -25.24981826630878601, -0.0009999999999992653654 ) ) ;
#2584 = DIRECTION ( 'NONE',  ( 1.000000000000000000, 0.000000000000000000, 0.000000000000000000 ) ) ;
#2585 = CARTESIAN_POINT ( 'NONE',  ( -39.65656273286865030, -33.66642435507836950, -0.0009999999999992653654 ) ) ;
#2586 = LINE ( 'NONE', #138, #1919 ) ;
#2587 = EDGE_CURVE ( 'NONE', #1152, #2654, #577, .T. ) ;
#2588 = AXIS2_PLACEMENT_3D ( 'NONE', #2548, #2420, #1750 ) ;
#2589 = AXIS2_PLACEMENT_3D ( 'NONE', #2395, #602, #1938 ) ;
#2590 = FACE_OUTER_BOUND ( 'NONE', #112, .T. ) ;
#2591 = CARTESIAN_POINT ( 'NONE',  ( -72.31312546573732902, 16.83321217753912435, 0.000000000000000000 ) ) ;
#2592 = CIRCLE ( 'NONE', #283, 6.999999999999999112 ) ;
#2593 = VERTEX_POINT ( 'NONE', #1153 ) ;
#2594 = ORIENTED_EDGE ( 'NONE', *, *, #2512, .F. ) ;
#2595 = CIRCLE ( 'NONE', #48, 6.999999999999999112 ) ;
#2596 = DIRECTION ( 'NONE',  ( 1.000000000000000000, 0.000000000000000000, 0.000000000000000000 ) ) ;
#2597 = CARTESIAN_POINT ( 'NONE',  ( 26.82828136643435712, 8.416606088769533756, 0.000000000000000000 ) ) ;
#2598 = FACE_BOUND ( 'NONE', #739, .T. ) ;
#2599 = DIRECTION ( 'NONE',  ( 0.000000000000000000, 0.000000000000000000, 1.000000000000000000 ) ) ;
#2600 = DIRECTION ( 'NONE',  ( 1.000000000000000000, 0.000000000000000000, 0.000000000000000000 ) ) ;
#2601 = ADVANCED_FACE ( 'NONE', ( #2262 ), #2014, .F. ) ;
#2602 = EDGE_CURVE ( 'NONE', #2062, #2418, #1822, .T. ) ;
#2603 = VECTOR ( 'NONE', #958, 1000.000000000000000 ) ;
#2604 = DIRECTION ( 'NONE',  ( -0.000000000000000000, -0.000000000000000000, 1.000000000000000000 ) ) ;
#2605 = CARTESIAN_POINT ( 'NONE',  ( -39.65656273286865030, -16.83321217753920251, 12.00000000000000000 ) ) ;
#2606 = CIRCLE ( 'NONE', #2750, 6.999999999999999112 ) ;
#2607 = ORIENTED_EDGE ( 'NONE', *, *, #2121, .F. ) ;
#2608 = ORIENTED_EDGE ( 'NONE', *, *, #345, .F. ) ;
#2609 = ORIENTED_EDGE ( 'NONE', *, *, #888, .F. ) ;
#2610 = AXIS2_PLACEMENT_3D ( 'NONE', #42, #944, #1207 ) ;
#2611 = DIRECTION ( 'NONE',  ( -1.000000000000000000, 0.000000000000000000, 0.000000000000000000 ) ) ;
#2612 = CARTESIAN_POINT ( 'NONE',  ( 86.31312546573735744, 16.83321217753910659, 12.00000000000000000 ) ) ;
#2613 = CARTESIAN_POINT ( 'NONE',  ( -6.999999999999979572, -16.83321217753920962, 0.000000000000000000 ) ) ;
#2614 = CARTESIAN_POINT ( 'NONE',  ( -19.82828136643431449, -25.24981826630878601, 12.00000000000000000 ) ) ;
#2615 = DIRECTION ( 'NONE',  ( -1.000000000000000000, 0.000000000000000000, 0.000000000000000000 ) ) ;
#2616 = CIRCLE ( 'NONE', #2571, 6.999999999999999112 ) ;
#2617 = CIRCLE ( 'NONE', #67, 7.000000000000006217 ) ;
#2618 = FACE_BOUND ( 'NONE', #805, .T. ) ;
#2619 = CARTESIAN_POINT ( 'NONE',  ( 59.48484409930301808, 25.24981826630869008, 0.000000000000000000 ) ) ;
#2620 = EDGE_CURVE ( 'NONE', #551, #1515, #1008, .T. ) ;
#2621 = EDGE_CURVE ( 'NONE', #1598, #2725, #2561, .T. ) ;
#2622 = CYLINDRICAL_SURFACE ( 'NONE', #2857, 6.999999999999999112 ) ;
#2623 = ADVANCED_FACE ( 'NONE', ( #1805 ), #2295, .F. ) ;
#2624 = ADVANCED_FACE ( 'NONE', ( #233 ), #1400, .F. ) ;
#2625 = ORIENTED_EDGE ( 'NONE', *, *, #2301, .T. ) ;
#2626 = ORIENTED_EDGE ( 'NONE', *, *, #1522, .T. ) ;
#2627 = ORIENTED_EDGE ( 'NONE', *, *, #1426, .F. ) ;
#2628 = CARTESIAN_POINT ( 'NONE',  ( 39.65656273286868583, -16.83321217753920962, -0.0009999999999992653654 ) ) ;
#2629 = DIRECTION ( 'NONE',  ( 1.000000000000000000, 0.000000000000000000, 0.000000000000000000 ) ) ;
#2630 = FACE_BOUND ( 'NONE', #2567, .T. ) ;
#2631 = DIRECTION ( 'NONE',  ( 1.000000000000000000, 0.000000000000000000, 0.000000000000000000 ) ) ;
#2632 = CARTESIAN_POINT ( 'NONE',  ( -46.65656273286864320, -33.66642435507836950, 0.000000000000000000 ) ) ;
#2633 = DIRECTION ( 'NONE',  ( -0.000000000000000000, -0.000000000000000000, 1.000000000000000000 ) ) ;
#2634 = DIRECTION ( 'NONE',  ( -1.000000000000000000, 0.000000000000000000, -0.000000000000000000 ) ) ;
#2635 = DIRECTION ( 'NONE',  ( -0.000000000000000000, -0.000000000000000000, 1.000000000000000000 ) ) ;
#2636 = DIRECTION ( 'NONE',  ( 0.000000000000000000, 0.000000000000000000, 1.000000000000000000 ) ) ;
#2637 = ORIENTED_EDGE ( 'NONE', *, *, #90, .F. ) ;
#2638 = VERTEX_POINT ( 'NONE', #29 ) ;
#2639 = EDGE_LOOP ( 'NONE', ( #2311, #1560, #1875, #2663 ) ) ;
#2640 = ADVANCED_FACE ( 'NONE', ( #694 ), #1590, .F. ) ;
#2641 = CARTESIAN_POINT ( 'NONE',  ( -66.48484409930301808, 8.416606088769533756, 12.00000000000000000 ) ) ;
#2642 = AXIS2_PLACEMENT_3D ( 'NONE', #2515, #700, #1595 ) ;
#2643 = LINE ( 'NONE', #2583, #2603 ) ;
#2644 = AXIS2_PLACEMENT_3D ( 'NONE', #1702, #2604, #1511 ) ;
#2645 = DIRECTION ( 'NONE',  ( 1.000000000000000000, 0.000000000000000000, 0.000000000000000000 ) ) ;
#2646 = CARTESIAN_POINT ( 'NONE',  ( -12.82828136643431449, -8.416606088769624350, -0.0009999999999992653654 ) ) ;
#2647 = DIRECTION ( 'NONE',  ( 1.000000000000000000, 0.000000000000000000, 0.000000000000000000 ) ) ;
#2648 = AXIS2_PLACEMENT_3D ( 'NONE', #2216, #1993, #867 ) ;
#2649 = LINE ( 'NONE', #2200, #1406 ) ;
#2650 = AXIS2_PLACEMENT_3D ( 'NONE', #2824, #1519, #2428 ) ;
#2651 = CARTESIAN_POINT ( 'NONE',  ( 46.65656273286868583, -5.204170427930421283E-14, 12.00000000000000000 ) ) ;
#2652 = AXIS2_PLACEMENT_3D ( 'NONE', #764, #2422, #804 ) ;
#2653 = AXIS2_PLACEMENT_3D ( 'NONE', #2036, #1977, #1797 ) ;
#2654 = VERTEX_POINT ( 'NONE', #1602 ) ;
#2655 = EDGE_LOOP ( 'NONE', ( #2877, #686, #628, #2214 ) ) ;
#2656 = EDGE_LOOP ( 'NONE', ( #1644, #1433 ) ) ;
#2657 = ADVANCED_FACE ( 'NONE', ( #2509 ), #265, .F. ) ;
#2658 = EDGE_CURVE ( 'NONE', #1692, #2669, #2294, .T. ) ;
#2659 = AXIS2_PLACEMENT_3D ( 'NONE', #2492, #1834, #2732 ) ;
#2660 = CARTESIAN_POINT ( 'NONE',  ( 26.82828136643435357, -8.416606088769631455, -0.0009999999999992653654 ) ) ;
#2661 = CARTESIAN_POINT ( 'NONE',  ( -7.000000000000000000, 33.66642435507827003, 12.00000000000000000 ) ) ;
#2662 = CARTESIAN_POINT ( 'NONE',  ( -79.31312546573732902, -4.510281037539698445E-14, 0.000000000000000000 ) ) ;
#2663 = ORIENTED_EDGE ( 'NONE', *, *, #1194, .T. ) ;
#2664 = AXIS2_PLACEMENT_3D ( 'NONE', #872, #1775, #2674 ) ;
#2665 = DIRECTION ( 'NONE',  ( -0.000000000000000000, -0.000000000000000000, 1.000000000000000000 ) ) ;
#2666 = AXIS2_PLACEMENT_3D ( 'NONE', #1403, #60, #2310 ) ;
#2667 = ORIENTED_EDGE ( 'NONE', *, *, #2225, .T. ) ;
#2668 = DIRECTION ( 'NONE',  ( 1.000000000000000000, 0.000000000000000000, 0.000000000000000000 ) ) ;
#2669 = VERTEX_POINT ( 'NONE', #2508 ) ;
#2670 = ORIENTED_EDGE ( 'NONE', *, *, #2768, .F. ) ;
#2671 = CARTESIAN_POINT ( 'NONE',  ( 99.99999999999998579, 49.99999999999999289, 12.00000000000000000 ) ) ;
#2672 = EDGE_CURVE ( 'NONE', #2450, #2885, #2083, .T. ) ;
#2673 = DIRECTION ( 'NONE',  ( 0.000000000000000000, 0.000000000000000000, 1.000000000000000000 ) ) ;
#2674 = DIRECTION ( 'NONE',  ( -1.000000000000000000, 0.000000000000000000, 0.000000000000000000 ) ) ;
#2675 = LINE ( 'NONE', #2196, #15 ) ;
#2676 = ORIENTED_EDGE ( 'NONE', *, *, #1976, .F. ) ;
#2677 = EDGE_CURVE ( 'NONE', #1833, #1152, #1005, .T. ) ;
#2678 = EDGE_CURVE ( 'NONE', #717, #2031, #1649, .T. ) ;
#2679 = DIRECTION ( 'NONE',  ( -0.000000000000000000, -0.000000000000000000, 1.000000000000000000 ) ) ;
#2680 = ORIENTED_EDGE ( 'NONE', *, *, #255, .T. ) ;
#2681 = LINE ( 'NONE', #1112, #109 ) ;
#2682 = CARTESIAN_POINT ( 'NONE',  ( -59.48484409930300387, 8.416606088769533756, 0.000000000000000000 ) ) ;
#2683 = AXIS2_PLACEMENT_3D ( 'NONE', #2470, #443, #1346 ) ;
#2684 = EDGE_LOOP ( 'NONE', ( #2474, #601, #1024, #261 ) ) ;
#2685 = ORIENTED_EDGE ( 'NONE', *, *, #2412, .T. ) ;
#2686 = DIRECTION ( 'NONE',  ( -0.000000000000000000, -0.000000000000000000, 1.000000000000000000 ) ) ;
#2687 =( NAMED_UNIT ( * ) SI_UNIT ( $, .STERADIAN. ) SOLID_ANGLE_UNIT ( ) );
#2688 = CARTESIAN_POINT ( 'NONE',  ( 72.31312546573734323, 16.83321217753910659, 0.000000000000000000 ) ) ;
#2689 = DIRECTION ( 'NONE',  ( -1.000000000000000000, 0.000000000000000000, 0.000000000000000000 ) ) ;
#2690 = VECTOR ( 'NONE', #6, 1000.000000000000000 ) ;
#2691 = DIRECTION ( 'NONE',  ( -0.000000000000000000, -0.000000000000000000, 1.000000000000000000 ) ) ;
#2692 = ORIENTED_EDGE ( 'NONE', *, *, #2712, .T. ) ;
#2693 = LINE ( 'NONE', #1359, #1787 ) ;
#2694 = EDGE_CURVE ( 'NONE', #744, #1880, #2093, .T. ) ;
#2695 = EDGE_CURVE ( 'NONE', #2336, #2186, #2521, .T. ) ;
#2696 = ORIENTED_EDGE ( 'NONE', *, *, #1230, .F. ) ;
#2697 = CARTESIAN_POINT ( 'NONE',  ( -52.48484409930300387, 25.24981826630870430, -0.0009999999999992653654 ) ) ;
#2698 = LINE ( 'NONE', #1490, #2690 ) ;
#2699 = EDGE_LOOP ( 'NONE', ( #2392, #2539, #1059, #1452 ) ) ;
#2700 = ORIENTED_EDGE ( 'NONE', *, *, #1961, .F. ) ;
#2701 = ORIENTED_EDGE ( 'NONE', *, *, #1975, .F. ) ;
#2702 = DIRECTION ( 'NONE',  ( 1.000000000000000000, 0.000000000000000000, 0.000000000000000000 ) ) ;
#2703 = CARTESIAN_POINT ( 'NONE',  ( -100.0000000000000142, -50.00000000000000711, 0.000000000000000000 ) ) ;
#2704 = VECTOR ( 'NONE', #2439, 1000.000000000000000 ) ;
#2705 = AXIS2_PLACEMENT_3D ( 'NONE', #2896, #626, #831 ) ;
#2706 = ORIENTED_EDGE ( 'NONE', *, *, #801, .F. ) ;
#2707 = CIRCLE ( 'NONE', #298, 7.000000000000000000 ) ;
#2708 = CARTESIAN_POINT ( 'NONE',  ( 79.31312546573734323, -5.204170427930421283E-14, 0.000000000000000000 ) ) ;
#2709 = VERTEX_POINT ( 'NONE', #2813 ) ;
#2710 = CARTESIAN_POINT ( 'NONE',  ( -79.31312546573732902, -4.510281037539698445E-14, -0.0009999999999992653654 ) ) ;
#2711 = EDGE_CURVE ( 'NONE', #1784, #2145, #914, .T. ) ;
#2712 = EDGE_CURVE ( 'NONE', #1404, #2297, #2565, .T. ) ;
#2713 = LINE ( 'NONE', #1503, #991 ) ;
#2714 = ORIENTED_EDGE ( 'NONE', *, *, #2443, .F. ) ;
#2715 = VECTOR ( 'NONE', #2143, 1000.000000000000000 ) ;
#2716 = ORIENTED_EDGE ( 'NONE', *, *, #1104, .T. ) ;
#2717 = DIRECTION ( 'NONE',  ( 1.000000000000000000, 0.000000000000000000, 0.000000000000000000 ) ) ;
#2718 = EDGE_CURVE ( 'NONE', #1981, #277, #579, .T. ) ;
#2719 = CARTESIAN_POINT ( 'NONE',  ( -19.82828136643431449, -25.24981826630878601, -0.0009999999999992653654 ) ) ;
#2720 = CARTESIAN_POINT ( 'NONE',  ( 59.48484409930301808, 8.416606088769526650, 12.00000000000000000 ) ) ;
#2721 = VERTEX_POINT ( 'NONE', #1399 ) ;
#2722 = CARTESIAN_POINT ( 'NONE',  ( -32.65656273286867162, 33.66642435507828424, 0.000000000000000000 ) ) ;
#2723 = ORIENTED_EDGE ( 'NONE', *, *, #1884, .F. ) ;
#2724 = CARTESIAN_POINT ( 'NONE',  ( -46.65656273286865741, -4.424555761599383842E-14, 0.000000000000000000 ) ) ;
#2725 = VERTEX_POINT ( 'NONE', #752 ) ;
#2726 = ORIENTED_EDGE ( 'NONE', *, *, #1851, .T. ) ;
#2727 = DIRECTION ( 'NONE',  ( 1.000000000000000000, 0.000000000000000000, 0.000000000000000000 ) ) ;
#2728 = CIRCLE ( 'NONE', #1546, 6.999999999999999112 ) ;
#2729 = ORIENTED_EDGE ( 'NONE', *, *, #1138, .F. ) ;
#2730 = EDGE_CURVE ( 'NONE', #1404, #2095, #2305, .T. ) ;
#2731 = EDGE_CURVE ( 'NONE', #841, #293, #1333, .T. ) ;
#2732 = DIRECTION ( 'NONE',  ( 1.000000000000000000, 0.000000000000000000, 0.000000000000000000 ) ) ;
#2733 = DIRECTION ( 'NONE',  ( -0.000000000000000000, -0.000000000000000000, 1.000000000000000000 ) ) ;
#2734 = EDGE_LOOP ( 'NONE', ( #2318, #1992, #101, #2680 ) ) ;
#2735 = DIRECTION ( 'NONE',  ( -0.000000000000000000, -0.000000000000000000, 1.000000000000000000 ) ) ;
#2736 = EDGE_LOOP ( 'NONE', ( #751, #1294 ) ) ;
#2737 = AXIS2_PLACEMENT_3D ( 'NONE', #1019, #573, #1212 ) ;
#2738 = EDGE_LOOP ( 'NONE', ( #1369, #2259 ) ) ;
#2739 = VERTEX_POINT ( 'NONE', #308 ) ;
#2740 = FACE_OUTER_BOUND ( 'NONE', #2204, .T. ) ;
#2741 = EDGE_LOOP ( 'NONE', ( #2729, #1724, #1691, #2594 ) ) ;
#2742 = AXIS2_PLACEMENT_3D ( 'NONE', #2097, #1650, #2552 ) ;
#2743 = VECTOR ( 'NONE', #1844, 1000.000000000000000 ) ;
#2744 = DIRECTION ( 'NONE',  ( -0.000000000000000000, -0.000000000000000000, 1.000000000000000000 ) ) ;
#2745 = DIRECTION ( 'NONE',  ( -0.000000000000000000, -0.000000000000000000, 1.000000000000000000 ) ) ;
#2746 = CYLINDRICAL_SURFACE ( 'NONE', #2058, 6.999999999999999112 ) ;
#2747 = ADVANCED_FACE ( 'NONE', ( #2070 ), #2354, .F. ) ;
#2748 = ADVANCED_FACE ( 'NONE', ( #527 ), #2114, .F. ) ;
#2749 = EDGE_LOOP ( 'NONE', ( #2637, #2462, #1440, #2866 ) ) ;
#2750 = AXIS2_PLACEMENT_3D ( 'NONE', #189, #2840, #176 ) ;
#2751 = DIRECTION ( 'NONE',  ( -0.000000000000000000, -0.000000000000000000, 1.000000000000000000 ) ) ;
#2752 = CIRCLE ( 'NONE', #654, 7.000000000000000000 ) ;
#2753 = ORIENTED_EDGE ( 'NONE', *, *, #219, .T. ) ;
#2754 = DIRECTION ( 'NONE',  ( 0.000000000000000000, 0.000000000000000000, 1.000000000000000000 ) ) ;
#2755 = VERTEX_POINT ( 'NONE', #545 ) ;
#2756 = CARTESIAN_POINT ( 'NONE',  ( 66.48484409930303229, -25.24981826630878601, -0.0009999999999992653654 ) ) ;
#2757 = CIRCLE ( 'NONE', #1244, 6.999999999999999112 ) ;
#2758 = AXIS2_PLACEMENT_3D ( 'NONE', #1713, #2399, #369 ) ;
#2759 = ORIENTED_EDGE ( 'NONE', *, *, #1870, .F. ) ;
#2760 = CARTESIAN_POINT ( 'NONE',  ( -32.65656273286867162, 16.83321217753911370, -0.0009999999999992653654 ) ) ;
#2761 = DIRECTION ( 'NONE',  ( 1.000000000000000000, 0.000000000000000000, 0.000000000000000000 ) ) ;
#2762 = LINE ( 'NONE', #1209, #2152 ) ;
#2763 = EDGE_LOOP ( 'NONE', ( #118, #1488 ) ) ;
#2764 = EDGE_CURVE ( 'NONE', #950, #1396, #2850, .T. ) ;
#2765 = DIRECTION ( 'NONE',  ( -0.000000000000000000, -0.000000000000000000, 1.000000000000000000 ) ) ;
#2766 = CARTESIAN_POINT ( 'NONE',  ( 72.31312546573734323, -5.118445151990106680E-14, 0.000000000000000000 ) ) ;
#2767 = ORIENTED_EDGE ( 'NONE', *, *, #1357, .F. ) ;
#2768 = EDGE_CURVE ( 'NONE', #485, #714, #988, .T. ) ;
#2769 = ADVANCED_FACE ( 'NONE', ( #2096 ), #71, .F. ) ;
#2770 = FILL_AREA_STYLE ('',( #1146 ) ) ;
#2771 = ORIENTED_EDGE ( 'NONE', *, *, #1626, .F. ) ;
#2772 = CARTESIAN_POINT ( 'NONE',  ( 79.31312546573734323, -5.204170427930421283E-14, 12.00000000000000000 ) ) ;
#2773 = ORIENTED_EDGE ( 'NONE', *, *, #2925, .T. ) ;
#2774 = EDGE_LOOP ( 'NONE', ( #248, #729 ) ) ;
#2775 = DIRECTION ( 'NONE',  ( 1.000000000000000000, 0.000000000000000000, 0.000000000000000000 ) ) ;
#2776 = CARTESIAN_POINT ( 'NONE',  ( 39.65656273286868583, -16.83321217753920962, 12.00000000000000000 ) ) ;
#2777 = DIRECTION ( 'NONE',  ( 1.000000000000000000, 0.000000000000000000, 0.000000000000000000 ) ) ;
#2778 = CIRCLE ( 'NONE', #1577, 7.000000000000006217 ) ;
#2779 = ORIENTED_EDGE ( 'NONE', *, *, #312, .T. ) ;
#2780 = DIRECTION ( 'NONE',  ( 1.000000000000000000, 0.000000000000000000, 0.000000000000000000 ) ) ;
#2781 = CARTESIAN_POINT ( 'NONE',  ( -12.82828136643432515, 8.416606088769533756, 0.000000000000000000 ) ) ;
#2782 = EDGE_LOOP ( 'NONE', ( #1015, #2366 ) ) ;
#2783 = AXIS2_PLACEMENT_3D ( 'NONE', #34, #1886, #300 ) ;
#2784 = FACE_OUTER_BOUND ( 'NONE', #216, .T. ) ;
#2785 = EDGE_CURVE ( 'NONE', #755, #1242, #2707, .T. ) ;
#2786 = EDGE_CURVE ( 'NONE', #1948, #33, #725, .T. ) ;
#2787 = VECTOR ( 'NONE', #2635, 1000.000000000000000 ) ;
#2788 = ORIENTED_EDGE ( 'NONE', *, *, #2495, .T. ) ;
#2789 = CYLINDRICAL_SURFACE ( 'NONE', #2652, 6.999999999999999112 ) ;
#2790 = FACE_BOUND ( 'NONE', #2073, .T. ) ;
#2791 = ORIENTED_EDGE ( 'NONE', *, *, #1976, .T. ) ;
#2792 = EDGE_LOOP ( 'NONE', ( #2223, #1816, #2577, #2289 ) ) ;
#2793 = AXIS2_PLACEMENT_3D ( 'NONE', #881, #2686, #2464 ) ;
#2794 = DIRECTION ( 'NONE',  ( -0.000000000000000000, -0.000000000000000000, 1.000000000000000000 ) ) ;
#2795 = CARTESIAN_POINT ( 'NONE',  ( 46.65656273286868583, -33.66642435507836950, 0.000000000000000000 ) ) ;
#2796 = DIRECTION ( 'NONE',  ( -0.000000000000000000, -0.000000000000000000, 1.000000000000000000 ) ) ;
#2797 = AXIS2_PLACEMENT_3D ( 'NONE', #528, #279, #772 ) ;
#2798 = VECTOR ( 'NONE', #877, 1000.000000000000000 ) ;
#2799 = CARTESIAN_POINT ( 'NONE',  ( -100.0000000000000142, -50.00000000000000711, 0.000000000000000000 ) ) ;
#2800 = FACE_OUTER_BOUND ( 'NONE', #807, .T. ) ;
#2801 = ADVANCED_BREP_SHAPE_REPRESENTATION ( 'Diagonaal Plaat', ( #2077, #701 ), #1405 ) ;
#2802 = EDGE_LOOP ( 'NONE', ( #924, #414 ) ) ;
#2803 = CYLINDRICAL_SURFACE ( 'NONE', #1509, 6.999999999999999112 ) ;
#2804 = AXIS2_PLACEMENT_3D ( 'NONE', #1492, #648, #382 ) ;
#2805 = AXIS2_PLACEMENT_3D ( 'NONE', #1549, #2633, #2871 ) ;
#2806 = FACE_OUTER_BOUND ( 'NONE', #27, .T. ) ;
#2807 = EDGE_CURVE ( 'NONE', #1351, #2721, #61, .T. ) ;
#2808 = ORIENTED_EDGE ( 'NONE', *, *, #2677, .F. ) ;
#2809 = ORIENTED_EDGE ( 'NONE', *, *, #1870, .T. ) ;
#2810 = EDGE_CURVE ( 'NONE', #1582, #866, #353, .T. ) ;
#2811 = ADVANCED_FACE ( 'NONE', ( #1062 ), #160, .F. ) ;
#2812 = AXIS2_PLACEMENT_3D ( 'NONE', #1299, #1823, #2689 ) ;
#2813 = CARTESIAN_POINT ( 'NONE',  ( -100.0000000000000142, 49.99999999999999289, 0.000000000000000000 ) ) ;
#2814 = CARTESIAN_POINT ( 'NONE',  ( 39.65656273286868583, -5.204170427930421283E-14, 0.000000000000000000 ) ) ;
#2815 = FACE_OUTER_BOUND ( 'NONE', #1894, .T. ) ;
#2816 = DIRECTION ( 'NONE',  ( -0.000000000000000000, -0.000000000000000000, 1.000000000000000000 ) ) ;
#2817 = CARTESIAN_POINT ( 'NONE',  ( 66.48484409930303229, 8.416606088769526650, -0.0009999999999992653654 ) ) ;
#2818 = DIRECTION ( 'NONE',  ( 0.000000000000000000, -0.000000000000000000, -1.000000000000000000 ) ) ;
#2819 = CARTESIAN_POINT ( 'NONE',  ( 7.000000000000021316, -33.66642435507836950, 0.000000000000000000 ) ) ;
#2820 = ORIENTED_EDGE ( 'NONE', *, *, #2197, .F. ) ;
#2821 = VERTEX_POINT ( 'NONE', #825 ) ;
#2822 = DIRECTION ( 'NONE',  ( 1.000000000000000000, 0.000000000000000000, 0.000000000000000000 ) ) ;
#2823 = DIRECTION ( 'NONE',  ( -0.000000000000000000, -0.000000000000000000, 1.000000000000000000 ) ) ;
#2824 = CARTESIAN_POINT ( 'NONE',  ( -79.31312546573732902, -16.83321217753920251, -0.0009999999999992653654 ) ) ;
#2825 = EDGE_CURVE ( 'NONE', #1177, #543, #1571, .T. ) ;
#2826 = EDGE_CURVE ( 'NONE', #874, #1660, #2752, .T. ) ;
#2827 = DIRECTION ( 'NONE',  ( 1.000000000000000000, 0.000000000000000000, 0.000000000000000000 ) ) ;
#2828 = FACE_OUTER_BOUND ( 'NONE', #1837, .T. ) ;
#2829 = FACE_OUTER_BOUND ( 'NONE', #1170, .T. ) ;
#2830 = CARTESIAN_POINT ( 'NONE',  ( -19.82828136643432870, 8.416606088769533756, -0.0009999999999992653654 ) ) ;
#2831 = CIRCLE ( 'NONE', #2126, 6.999999999999999112 ) ;
#2832 = VERTEX_POINT ( 'NONE', #378 ) ;
#2833 = ORIENTED_EDGE ( 'NONE', *, *, #2198, .T. ) ;
#2834 = ORIENTED_EDGE ( 'NONE', *, *, #169, .T. ) ;
#2835 = FACE_OUTER_BOUND ( 'NONE', #1331, .T. ) ;
#2836 = CARTESIAN_POINT ( 'NONE',  ( -19.82828136643431449, -8.416606088769624350, 12.00000000000000000 ) ) ;
#2837 = FACE_BOUND ( 'NONE', #750, .T. ) ;
#2838 = ADVANCED_FACE ( 'NONE', ( #2835 ), #2880, .F. ) ;
#2839 = ADVANCED_FACE ( 'NONE', ( #1502 ), #796, .F. ) ;
#2840 = DIRECTION ( 'NONE',  ( -0.000000000000000000, -0.000000000000000000, 1.000000000000000000 ) ) ;
#2841 = CYLINDRICAL_SURFACE ( 'NONE', #2758, 6.999999999999999112 ) ;
#2842 = EDGE_CURVE ( 'NONE', #937, #2349, #2368, .T. ) ;
#2843 = FACE_OUTER_BOUND ( 'NONE', #1911, .T. ) ;
#2844 = DIRECTION ( 'NONE',  ( 0.000000000000000000, 0.000000000000000000, 1.000000000000000000 ) ) ;
#2845 = CARTESIAN_POINT ( 'NONE',  ( -39.65656273286866451, -4.510281037539698445E-14, 12.00000000000000000 ) ) ;
#2846 = AXIS2_PLACEMENT_3D ( 'NONE', #663, #2745, #1343 ) ;
#2847 = ORIENTED_EDGE ( 'NONE', *, *, #1589, .F. ) ;
#2848 = ORIENTED_EDGE ( 'NONE', *, *, #2569, .T. ) ;
#2849 = ORIENTED_EDGE ( 'NONE', *, *, #905, .T. ) ;
#2850 = CIRCLE ( 'NONE', #159, 6.999999999999999112 ) ;
#2851 = PLANE ( 'NONE',  #2589 ) ;
#2852 = CARTESIAN_POINT ( 'NONE',  ( 2.081668171172168513E-14, -16.83321217753920962, 12.00000000000000000 ) ) ;
#2853 = FACE_BOUND ( 'NONE', #192, .T. ) ;
#2854 = LINE ( 'NONE', #593, #1096 ) ;
#2855 = DIRECTION ( 'NONE',  ( -1.000000000000000000, 0.000000000000000000, 0.000000000000000000 ) ) ;
#2856 = AXIS2_PLACEMENT_3D ( 'NONE', #800, #1745, #357 ) ;
#2857 = AXIS2_PLACEMENT_3D ( 'NONE', #1274, #2183, #2403 ) ;
#2858 = CARTESIAN_POINT ( 'NONE',  ( -66.48484409930301808, 25.24981826630870430, 12.00000000000000000 ) ) ;
#2859 = VERTEX_POINT ( 'NONE', #2383 ) ;
#2860 = PLANE ( 'NONE',  #985 ) ;
#2861 = CARTESIAN_POINT ( 'NONE',  ( -32.65656273286865030, -33.66642435507836950, -0.0009999999999992653654 ) ) ;
#2862 = ADVANCED_FACE ( 'NONE', ( #121 ), #1681, .F. ) ;
#2863 = DIRECTION ( 'NONE',  ( 0.000000000000000000, 0.000000000000000000, 1.000000000000000000 ) ) ;
#2864 = ORIENTED_EDGE ( 'NONE', *, *, #1301, .F. ) ;
#2865 = ORIENTED_EDGE ( 'NONE', *, *, #1815, .F. ) ;
#2866 = ORIENTED_EDGE ( 'NONE', *, *, #150, .F. ) ;
#2867 = DIRECTION ( 'NONE',  ( -0.000000000000000000, -0.000000000000000000, 1.000000000000000000 ) ) ;
#2868 = FACE_BOUND ( 'NONE', #2463, .T. ) ;
#2869 = DIRECTION ( 'NONE',  ( 1.000000000000000000, 0.000000000000000000, 0.000000000000000000 ) ) ;
#2870 = DIRECTION ( 'NONE',  ( -0.000000000000000000, -0.000000000000000000, 1.000000000000000000 ) ) ;
#2871 = DIRECTION ( 'NONE',  ( 1.000000000000000000, 0.000000000000000000, 0.000000000000000000 ) ) ;
#2872 = ORIENTED_EDGE ( 'NONE', *, *, #868, .F. ) ;
#2873 = FACE_BOUND ( 'NONE', #2229, .T. ) ;
#2874 = CARTESIAN_POINT ( 'NONE',  ( 12.82828136643433936, 25.24981826630869008, 12.00000000000000000 ) ) ;
#2875 = ADVANCED_FACE ( 'NONE', ( #808 ), #2188, .F. ) ;
#2876 = EDGE_CURVE ( 'NONE', #1733, #2258, #1456, .T. ) ;
#2877 = ORIENTED_EDGE ( 'NONE', *, *, #1887, .F. ) ;
#2878 = EDGE_LOOP ( 'NONE', ( #2335, #2056 ) ) ;
#2879 = ORIENTED_EDGE ( 'NONE', *, *, #2065, .T. ) ;
#2880 = CYLINDRICAL_SURFACE ( 'NONE', #1786, 7.000000000000000000 ) ;
#2881 = CIRCLE ( 'NONE', #232, 7.000000000000000000 ) ;
#2882 = CARTESIAN_POINT ( 'NONE',  ( -6.999999999999979572, -33.66642435507836950, 12.00000000000000000 ) ) ;
#2883 = DIRECTION ( 'NONE',  ( 1.000000000000000000, 0.000000000000000000, 0.000000000000000000 ) ) ;
#2884 = LINE ( 'NONE', #1732, #390 ) ;
#2885 = VERTEX_POINT ( 'NONE', #2641 ) ;
#2886 = LINE ( 'NONE', #1218, #412 ) ;
#2887 = AXIS2_PLACEMENT_3D ( 'NONE', #1017, #1414, #72 ) ;
#2888 = DIRECTION ( 'NONE',  ( 1.000000000000000000, 0.000000000000000000, 0.000000000000000000 ) ) ;
#2889 = AXIS2_PLACEMENT_3D ( 'NONE', #37, #302, #2315 ) ;
#2890 = ORIENTED_EDGE ( 'NONE', *, *, #1268, .T. ) ;
#2891 = VERTEX_POINT ( 'NONE', #134 ) ;
#2892 = LINE ( 'NONE', #406, #2179 ) ;
#2893 = ADVANCED_FACE ( 'NONE', ( #1016 ), #2851, .F. ) ;
#2894 = CARTESIAN_POINT ( 'NONE',  ( -66.48484409930301808, 8.416606088769533756, 0.000000000000000000 ) ) ;
#2895 = LINE ( 'NONE', #2252, #1012 ) ;
#2896 = CARTESIAN_POINT ( 'NONE',  ( 0.000000000000000000, 33.66642435507827003, -0.0009999999999992653654 ) ) ;
#2897 = ORIENTED_EDGE ( 'NONE', *, *, #2028, .T. ) ;
#2898 = VECTOR ( 'NONE', #73, 1000.000000000000000 ) ;
#2899 = LINE ( 'NONE', #1313, #228 ) ;
#2900 = AXIS2_PLACEMENT_3D ( 'NONE', #1256, #1049, #1035 ) ;
#2901 = ORIENTED_EDGE ( 'NONE', *, *, #2494, .T. ) ;
#2902 = CARTESIAN_POINT ( 'NONE',  ( -72.31312546573731481, -16.83321217753920251, -0.0009999999999992653654 ) ) ;
#2903 = CARTESIAN_POINT ( 'NONE',  ( 52.48484409930301808, 25.24981826630869008, 12.00000000000000000 ) ) ;
#2904 = EDGE_LOOP ( 'NONE', ( #2035, #1235, #2353, #2911 ) ) ;
#2905 = ORIENTED_EDGE ( 'NONE', *, *, #1407, .F. ) ;
#2906 = DIRECTION ( 'NONE',  ( -0.000000000000000000, -0.000000000000000000, 1.000000000000000000 ) ) ;
#2907 = DIRECTION ( 'NONE',  ( 1.000000000000000000, 0.000000000000000000, 0.000000000000000000 ) ) ;
#2908 = DIRECTION ( 'NONE',  ( -0.000000000000000000, -0.000000000000000000, 1.000000000000000000 ) ) ;
#2909 = EDGE_CURVE ( 'NONE', #2725, #615, #365, .T. ) ;
#2910 = CYLINDRICAL_SURFACE ( 'NONE', #1640, 6.999999999999999112 ) ;
#2911 = ORIENTED_EDGE ( 'NONE', *, *, #270, .T. ) ;
#2912 = FACE_OUTER_BOUND ( 'NONE', #2484, .T. ) ;
#2913 = ORIENTED_EDGE ( 'NONE', *, *, #784, .T. ) ;
#2914 = CARTESIAN_POINT ( 'NONE',  ( 79.31312546573734323, -5.204170427930421283E-14, 0.000000000000000000 ) ) ;
#2915 = DIRECTION ( 'NONE',  ( -1.000000000000000000, 0.000000000000000000, 0.000000000000000000 ) ) ;
#2916 = AXIS2_PLACEMENT_3D ( 'NONE', #89, #964, #1871 ) ;
#2917 = ORIENTED_EDGE ( 'NONE', *, *, #710, .T. ) ;
#2918 = ORIENTED_EDGE ( 'NONE', *, *, #57, .F. ) ;
#2919 = CARTESIAN_POINT ( 'NONE',  ( 26.82828136643435357, -8.416606088769631455, 12.00000000000000000 ) ) ;
#2920 = CARTESIAN_POINT ( 'NONE',  ( 0.000000000000000000, 0.000000000000000000, 0.000000000000000000 ) ) ;
#2921 = DIRECTION ( 'NONE',  ( 0.000000000000000000, 0.000000000000000000, 1.000000000000000000 ) ) ;
#2922 = CIRCLE ( 'NONE', #2034, 6.999999999999999112 ) ;
#2923 = ORIENTED_EDGE ( 'NONE', *, *, #1407, .T. ) ;
#2924 = EDGE_CURVE ( 'NONE', #1421, #669, #2170, .T. ) ;
#2925 = EDGE_CURVE ( 'NONE', #1966, #2499, #2026, .T. ) ;
ENDSEC;
END-ISO-10303-21;
